,Unnamed: 0.7,Unnamed: 0.6,Unnamed: 0.5,Unnamed: 0.4,Unnamed: 0.3,Unnamed: 0.2,Unnamed: 0.1,Unnamed: 0,SEASON_ID,Player_ID,Game_ID,GAME_DATE,MATCHUP,WL,MIN,FGM,FGA,FG_PCT,FG3M,FG3A,FG3_PCT,FTM,FTA,FT_PCT,OREB,DREB,REB,AST,STL,BLK,TOV,PF,PTS,PLUS_MINUS,VIDEO_AVAILABLE,TEAM_ABBREVIATION,TEAM_ID,OPP_TEAM,OPP_TEAMID,Home_Away,POSITION,Primary_Guard,Primary_Forward,Primary_Center,Is_Guard,Is_Forward,Is_Center,AGE,HEIGHT,WEIGHT,TEAM_W,TEAM_L,PPG,L5_W,L5_L,L5_PPG,OPP_TEAM_W,OPP_TEAM_L,OPP_PPG_ALLOWED,OPP_L5_W,OPP_L5_L,OPP_L5_PPG,MA_PLUS_MINUS,AVG_PLUS_MINUS,MA_PTS,AVG_PTS,VS_PTS,MA_FGM,AVG_FGM,VS_FGM,MA_FGA,AVG_FGA,VS_FGA,MA_FG_PCT,AVG_FG_PCT,VS_FG_PCT,MA_FG3M,AVG_FG3M,VS_FG3M,MA_FG3A,AVG_FG3A,VS_FG3A,MA_FG3_PCT,AVG_FG3_PCT,VS_FG3_PCT,MA_FTM,AVG_FTM,VS_FTM,MA_FTA,AVG_FTA,VS_FTA,MA_FT_PCT,AVG_FT_PCT,VS_FT_PCT,MA_OREB,AVG_OREB,VS_OREB,MA_STL,AVG_STL,VS_STL,MA_MIN,AVG_MIN,VS_MIN,target
0,0.0,0.0,0.0,0.0,0.0,0.0,0.0,0.0,22024,1630162,22400062,"OCT 22, 2024",MIN @ LAL,L,41,10,25,0.4,5,13,0.385,2,3,0.667,0,6,6,3,0,0,4,3,27,0,1,MIN,1610612750,LAL,1610612747,0,G,1,0,0,1,0,0,23.0,76,225,0,0,0.0,0,5,0.0,0,0,0.0,0,5,0.0,0.0,0.0,,27.0,,,10.0,,,25.0,,,0.4,,,5.0,,,13.0,,,0.385,,,2.0,,,3.0,,,0.667,,,0.0,,,0.0,,,41.0,,0
1,1.0,1.0,1.0,1.0,1.0,1.0,1.0,1.0,22024,1630162,22400076,"OCT 24, 2024",MIN @ SAC,W,39,10,24,0.417,5,15,0.333,7,7,1.0,1,6,7,4,1,0,3,4,32,10,1,MIN,1610612750,SAC,1610612758,0,G,1,0,0,1,0,0,23.0,76,225,0,1,103.0,0,5,103.0,0,0,0.0,0,5,0.0,5.0,0.0,27.0,27.0,27.0,10.0,10.0,10.0,25.0,25.0,25.0,0.4,0.4,0.4,5.0,5.0,5.0,13.0,13.0,13.0,0.385,0.385,0.385,2.0,2.0,2.0,3.0,3.0,3.0,0.667,0.667,0.667,0.0,0.0,0.0,0.0,0.0,0.0,41.06666666666667,41.06666666666667,41.06666666666667,1
2,2.0,2.0,2.0,2.0,2.0,2.0,2.0,2.0,22024,1630162,22400093,"OCT 26, 2024",MIN vs. TOR,W,39,9,21,0.429,5,12,0.417,1,3,0.333,0,6,6,4,1,1,4,3,24,5,1,MIN,1610612750,TOR,1610612761,1,G,1,0,0,1,0,0,23.0,76,225,1,1,110.0,1,4,110.0,1,1,121.5,1,4,110.5,5.0,5.0,29.5,29.5,29.5,10.0,10.0,10.0,24.5,24.5,24.5,0.408,0.408,0.408,5.0,5.0,5.0,14.0,14.0,14.0,0.357,0.357,0.357,4.5,4.5,4.5,5.0,5.0,5.0,0.9,0.9,0.9,0.5,0.5,0.5,0.5,0.5,0.5,40.13333333333333,40.13333333333333,40.13333333333333,0
3,3.0,3.0,3.0,3.0,3.0,3.0,3.0,3.0,22024,1630162,22400114,"OCT 29, 2024",MIN vs. DAL,L,37,12,20,0.6,7,13,0.538,6,12,0.5,0,6,6,3,0,1,5,1,37,-8,1,MIN,1610612750,DAL,1610612742,1,G,1,0,0,1,0,0,23.0,76,225,2,1,110.7,2,3,110.7,2,1,108.3,2,3,110.7,1.75,5.0,27.7,27.7,27.7,9.666666666666666,9.666666666666666,9.666666666666666,23.33333333333333,23.33333333333333,23.33333333333333,0.414,0.414,0.414,5.0,5.0,5.0,13.333333333333334,13.333333333333334,13.333333333333334,0.375,0.375,0.375,3.333333333333333,3.333333333333333,3.333333333333333,4.333333333333333,4.333333333333333,4.333333333333333,0.769,0.769,0.769,0.3333333333333333,0.3333333333333333,0.3333333333333333,0.67,0.67,0.67,39.81666666666667,39.81666666666667,39.81666666666667,1
4,4.0,4.0,4.0,4.0,4.0,4.0,4.0,4.0,22024,1630162,22400139,"NOV 01, 2024",MIN vs. DEN,W,38,11,23,0.478,7,14,0.5,0,0,0.0,0,4,4,4,1,1,2,1,29,5,1,MIN,1610612750,DEN,1610612743,1,G,1,0,0,1,0,0,23.0,76,225,2,2,111.5,2,3,111.5,2,2,118.8,2,3,115.5,2.4,1.75,30.0,30.0,30.0,10.25,10.25,10.25,22.5,22.5,22.5,0.456,0.456,0.456,5.5,5.5,5.5,13.25,13.25,13.25,0.415,0.415,0.415,4.0,4.0,4.0,6.25,6.25,6.25,0.64,0.64,0.64,0.25,0.25,0.25,0.5,0.5,0.5,39.19583333333333,39.19583333333333,39.19583333333333,0
5,5.0,5.0,5.0,5.0,5.0,5.0,5.0,5.0,22024,1630162,22400146,"NOV 02, 2024",MIN @ SAS,L,36,8,17,0.471,3,7,0.429,2,4,0.5,0,5,5,2,2,0,3,0,21,-20,1,MIN,1610612750,SAS,1610612759,0,G,1,0,0,1,0,0,23.0,76,225,3,2,113.0,3,2,113.0,2,3,105.0,2,3,103.6,-1.6,2.4,29.8,29.8,29.8,10.4,10.4,10.4,22.6,22.6,22.6,0.46,0.46,0.46,5.8,5.8,5.8,13.4,13.4,13.4,0.433,0.433,0.433,3.2,3.2,3.2,5.0,5.0,5.0,0.64,0.64,0.64,0.2,0.2,0.2,0.6,0.6,0.6,39.016666666666666,39.016666666666666,39.016666666666666,0
6,6.0,6.0,6.0,6.0,6.0,6.0,6.0,6.0,22024,1630162,22400162,"NOV 04, 2024",MIN vs. CHA,W,29,6,11,0.545,4,6,0.667,5,7,0.714,0,5,5,1,1,0,1,1,21,9,1,MIN,1610612750,CHA,1610612766,1,G,1,0,0,1,0,0,23.0,76,225,3,3,111.3,3,2,113.0,2,4,119.0,1,4,115.2,-1.8,-1.3333333333333333,28.6,28.3,28.3,10.0,10.0,10.0,21.0,21.666666666666668,21.666666666666668,0.476,0.462,0.462,5.4,5.333333333333333,5.333333333333333,12.2,12.333333333333334,12.333333333333334,0.443,0.432,0.432,3.2,3.0,3.0,5.2,4.833333333333333,4.833333333333333,0.615,0.621,0.621,0.2,0.1666666666666666,0.1666666666666666,1.0,0.83,0.83,37.91333333333333,38.43888888333333,38.43888888333333,0
7,7.0,7.0,7.0,7.0,7.0,7.0,7.0,7.0,22024,1630162,22400181,"NOV 07, 2024",MIN @ CHI,W,35,13,23,0.565,5,9,0.556,2,2,1.0,3,5,8,6,0,1,2,2,33,15,1,MIN,1610612750,CHI,1610612741,0,G,1,0,0,1,0,0,23.0,76,225,4,3,111.7,3,2,112.4,3,5,119.4,2,3,113.0,0.2,0.1428571428571428,26.4,27.3,27.3,9.2,9.428571428571429,9.428571428571429,18.4,20.142857142857142,20.142857142857142,0.5,0.468,0.468,5.2,5.142857142857143,5.142857142857143,10.4,11.428571428571429,11.428571428571429,0.5,0.45,0.45,2.8,3.2857142857142856,3.2857142857142856,5.2,5.142857142857143,5.142857142857143,0.538,0.639,0.639,0.0,0.1428571428571428,0.1428571428571428,1.0,0.86,0.86,35.89,37.10238095,37.10238095,1
8,8.0,8.0,8.0,8.0,8.0,8.0,8.0,8.0,22024,1630162,22400193,"NOV 08, 2024",MIN vs. POR,W,30,12,21,0.571,9,15,0.6,4,5,0.8,0,6,6,5,1,1,6,2,37,29,1,MIN,1610612750,POR,1610612757,1,G,1,0,0,1,0,0,23.0,76,225,5,3,114.6,3,2,117.0,3,6,113.6,2,3,108.0,7.6,2.0,28.2,28.0,28.0,10.0,9.875,9.875,18.8,20.5,20.5,0.532,0.482,0.482,5.2,5.125,5.125,9.8,11.125,11.125,0.531,0.461,0.461,3.0,3.125,3.125,5.0,4.75,4.75,0.6,0.658,0.658,0.6,0.5,0.5,0.8,0.75,0.75,35.016666666666666,36.81666666666667,36.81666666666667,1
9,9.0,9.0,9.0,9.0,9.0,9.0,9.0,9.0,22024,1630162,22400206,"NOV 10, 2024",MIN vs. MIA,L,37,8,24,0.333,4,14,0.286,2,3,0.667,1,4,5,6,2,0,6,3,22,2,1,MIN,1610612750,MIA,1610612748,1,G,1,0,0,1,0,0,23.0,76,225,6,3,116.0,4,1,119.6,3,5,111.9,1,4,113.8,7.0,5.0,28.2,29.0,29.0,10.0,10.11111111111111,10.11111111111111,19.0,20.55555555555556,20.55555555555556,0.526,0.492,0.492,5.6,5.555555555555555,5.555555555555555,10.2,11.555555555555555,11.555555555555555,0.549,0.481,0.481,2.6,3.2222222222222223,3.2222222222222223,3.6,4.777777777777778,4.777777777777778,0.722,0.674,0.674,0.6,0.4444444444444444,0.4444444444444444,1.0,0.78,0.78,33.57333333333333,36.07222221666667,36.07222221666667,0
10,10.0,10.0,10.0,10.0,10.0,10.0,10.0,10.0,22024,1630162,22400008,"NOV 12, 2024",MIN @ POR,L,37,8,19,0.421,4,10,0.4,6,6,1.0,0,0,0,3,2,1,1,2,26,-20,1,MIN,1610612750,POR,1610612757,0,G,1,0,0,1,0,0,23.0,76,225,6,4,113.8,3,2,114.6,3,8,116.6,1,4,102.2,7.0,4.7,26.8,28.3,37.0,9.4,9.9,12.0,19.2,20.9,21.0,0.49,0.474,0.571,5.0,5.4,9.0,10.2,11.8,15.0,0.49,0.458,0.6,3.0,3.1,4.0,4.2,4.6,5.0,0.714,0.674,0.8,0.8,0.5,0.0,1.2,0.9,1.0,33.36666666666667,36.19166666666667,30.116666666666667,0
11,11.0,11.0,11.0,11.0,11.0,11.0,11.0,11.0,22024,1630162,22400226,"NOV 13, 2024",MIN @ POR,L,40,10,25,0.4,0,9,0.0,4,4,1.0,0,4,4,4,4,1,3,2,24,-1,1,MIN,1610612750,POR,1610612757,0,G,1,0,0,1,0,0,23.0,76,225,6,5,113.3,3,2,115.6,4,8,115.9,2,3,107.2,5.0,2.4545454545454546,27.8,28.1,31.5,9.4,9.727272727272728,10.0,19.6,20.727272727272727,20.0,0.48,0.469,0.5,5.2,5.2727272727272725,6.5,10.8,11.636363636363637,12.5,0.481,0.453,0.52,3.8,3.363636363636364,5.0,4.6,4.727272727272728,5.5,0.826,0.712,0.909,0.8,0.4545454545454545,0.0,1.2,1.0,1.5,33.66,36.266666666666666,33.56666666666667,0
12,12.0,12.0,12.0,12.0,12.0,12.0,12.0,12.0,22024,1630162,22400020,"NOV 15, 2024",MIN @ SAC,W,42,14,27,0.519,6,14,0.429,2,2,1.0,1,4,5,2,0,0,2,4,36,16,1,MIN,1610612750,SAC,1610612758,0,G,1,0,0,1,0,0,23.0,76,225,6,6,112.0,2,3,112.4,7,5,112.5,3,2,114.0,5.2,2.1666666666666665,28.4,27.8,32.0,10.2,9.75,10.0,22.4,21.08333333333333,24.0,0.455,0.462,0.417,4.4,4.833333333333333,5.0,11.4,11.416666666666666,15.0,0.386,0.423,0.333,3.6,3.4166666666666665,7.0,4.0,4.666666666666667,7.0,0.9,0.732,1.0,0.8,0.4166666666666667,1.0,1.8,1.25,1.0,35.87,36.58888888333333,39.2,1
13,13.0,13.0,13.0,13.0,13.0,13.0,13.0,13.0,22024,1630162,22400234,"NOV 17, 2024",MIN vs. PHX,W,39,9,14,0.643,3,7,0.429,3,3,1.0,0,4,4,6,1,0,2,2,24,-6,1,MIN,1610612750,PHX,1610612756,1,G,1,0,0,1,0,0,23.0,76,225,7,6,113.4,2,3,111.4,9,4,112.7,2,3,107.8,-1.8,3.230769230769231,29.0,28.4,28.4,10.4,10.076923076923077,10.076923076923077,23.2,21.53846153846154,21.53846153846154,0.448,0.468,0.468,4.6,4.923076923076923,4.923076923076923,12.4,11.615384615384617,11.615384615384617,0.371,0.424,0.424,3.6,3.3076923076923075,3.3076923076923075,4.0,4.461538461538462,4.461538461538462,0.9,0.741,0.741,0.4,0.4615384615384615,0.4615384615384615,1.8,1.15,1.15,37.29,36.99871793333333,36.99871793333333,0
14,14.0,14.0,14.0,14.0,14.0,14.0,14.0,14.0,22024,1630162,22400261,"NOV 21, 2024",MIN @ TOR,L,36,9,20,0.45,5,9,0.556,3,3,1.0,1,2,3,2,2,2,2,4,26,4,1,MIN,1610612750,TOR,1610612761,0,G,1,0,0,1,0,0,23.0,76,225,8,6,113.9,2,3,110.0,3,12,119.5,1,4,107.2,-1.4,2.571428571428572,26.4,28.1,24.0,9.8,10.0,9.0,21.8,21.0,21.0,0.45,0.476,0.429,3.4,4.785714285714286,5.0,10.8,11.285714285714286,12.0,0.315,0.424,0.417,3.4,3.2857142857142856,1.0,3.6,4.357142857142857,3.0,0.944,0.754,0.333,0.4,0.4285714285714285,0.0,1.8,1.14,1.0,39.03333333333333,37.1297619,39.18333333333333,0
15,15.0,15.0,15.0,15.0,15.0,15.0,15.0,15.0,22024,1630162,22400271,"NOV 24, 2024",MIN @ BOS,L,39,9,21,0.429,6,11,0.545,4,4,1.0,0,9,9,7,0,0,3,3,28,2,1,MIN,1610612750,BOS,1610612738,0,G,1,0,0,1,0,0,23.0,76,225,8,7,113.3,2,3,112.2,13,3,110.8,4,1,121.8,3.0,2.6666666666666665,27.2,27.9,27.9,10.0,9.933333333333334,9.933333333333334,21.0,20.933333333333334,20.933333333333334,0.476,0.475,0.475,3.6,4.8,4.8,9.8,11.133333333333333,11.133333333333333,0.367,0.431,0.431,3.6,3.2666666666666666,3.2666666666666666,3.6,4.266666666666667,4.266666666666667,1.0,0.766,0.766,0.4,0.4666666666666667,0.4666666666666667,1.8,1.2,1.2,38.78333333333333,37.05555555,37.05555555,1
16,16.0,16.0,16.0,16.0,16.0,16.0,16.0,16.0,22024,1630162,22400037,"NOV 26, 2024",MIN vs. HOU,L,43,8,22,0.364,3,12,0.25,10,10,1.0,3,7,10,1,1,3,3,1,29,-14,1,MIN,1610612750,HOU,1610612745,1,G,1,0,0,1,0,0,23.0,76,225,8,8,112.8,2,3,111.6,12,6,105.1,3,2,117.4,0.4,2.625,27.6,27.9,27.9,10.2,9.875,9.875,21.4,20.9375,20.9375,0.477,0.472,0.472,4.0,4.875,4.875,10.0,11.125,11.125,0.4,0.438,0.438,3.2,3.3125,3.3125,3.2,4.25,4.25,1.0,0.779,0.779,0.4,0.4375,0.4375,1.4,1.13,1.13,39.236666666666665,37.19479166666667,37.19479166666667,1
17,17.0,17.0,17.0,17.0,17.0,17.0,17.0,17.0,22024,1630162,22400294,"NOV 27, 2024",MIN vs. SAC,L,37,9,24,0.375,4,9,0.444,7,8,0.875,1,4,5,5,3,0,1,0,29,-5,1,MIN,1610612750,SAC,1610612758,1,G,1,0,0,1,0,0,23.0,76,225,8,9,112.6,2,3,114.2,8,10,113.8,1,4,105.8,-3.8,1.6470588235294117,28.6,28.0,34.0,9.8,9.764705882352942,12.0,20.8,21.0,25.5,0.471,0.465,0.471,4.6,4.764705882352941,5.5,10.6,11.176470588235292,14.5,0.434,0.426,0.379,4.4,3.7058823529411766,4.5,4.4,4.588235294117647,4.5,1.0,0.808,1.0,1.0,0.5882352941176471,1.0,0.8,1.12,0.5,39.86,37.55098038333333,40.55833333333333,1
18,18.0,18.0,18.0,18.0,18.0,18.0,18.0,18.0,22024,1630162,22400044,"NOV 29, 2024",MIN vs. LAC,W,36,7,21,0.333,4,9,0.444,3,5,0.6,2,2,4,3,2,0,4,0,21,-5,1,MIN,1610612750,LAC,1610612746,1,G,1,0,0,1,0,0,23.0,76,225,8,10,112.2,1,4,109.0,12,8,107.0,4,1,109.6,-3.6,1.2777777777777777,27.2,28.1,28.1,8.8,9.72222222222222,9.72222222222222,20.2,21.166666666666668,21.166666666666668,0.436,0.459,0.459,4.2,4.722222222222222,4.722222222222222,9.6,11.055555555555555,11.055555555555555,0.438,0.427,0.427,5.4,3.888888888888889,3.888888888888889,5.6,4.777777777777778,4.777777777777778,0.964,0.814,0.814,1.0,0.6111111111111112,0.6111111111111112,1.4,1.22,1.22,38.96,37.543518516666666,37.543518516666666,0
19,19.0,19.0,19.0,19.0,19.0,19.0,19.0,19.0,22024,1630162,22400318,"DEC 02, 2024",MIN vs. LAL,W,27,3,13,0.231,1,5,0.2,1,2,0.5,0,7,7,3,2,0,3,1,8,1,1,MIN,1610612750,LAL,1610612747,1,G,1,0,0,1,0,0,23.0,76,225,9,10,111.2,1,4,103.6,12,8,115.2,2,3,103.8,-4.2,0.9473684210526316,26.6,27.7,27.0,8.4,9.578947368421051,10.0,21.6,21.157894736842103,25.0,0.389,0.453,0.4,4.4,4.684210526315789,5.0,10.0,10.947368421052632,13.0,0.44,0.428,0.385,5.4,3.842105263157895,2.0,6.0,4.789473684210527,3.0,0.9,0.802,0.667,1.4,0.6842105263157895,0.0,1.6,1.26,0.0,38.39666666666667,37.46315788333333,41.06666666666667,0
20,20.0,20.0,20.0,20.0,20.0,20.0,20.0,20.0,22024,1630162,22400324,"DEC 04, 2024",MIN @ LAC,W,26,5,14,0.357,4,9,0.444,2,2,1.0,1,5,6,4,4,0,2,3,16,27,1,MIN,1610612750,LAC,1610612746,0,G,1,0,0,1,0,0,23.0,76,225,10,10,111.1,2,3,104.4,14,9,106.9,3,2,112.0,0.8,0.95,23.0,26.7,21.0,7.2,9.25,7.0,20.2,20.75,21.0,0.356,0.446,0.333,3.6,4.5,4.0,9.2,10.65,9.0,0.391,0.423,0.444,5.0,3.7,3.0,5.8,4.65,5.0,0.862,0.796,0.6,1.2,0.65,2.0,1.6,1.3,2.0,36.583333333333336,36.9375,36.016666666666666,0
21,21.0,21.0,21.0,21.0,21.0,21.0,21.0,21.0,22024,1630162,22400338,"DEC 06, 2024",MIN @ GSW,W,35,11,18,0.611,4,10,0.4,4,4,1.0,0,4,4,9,1,2,4,1,30,23,1,MIN,1610612750,GSW,1610612744,0,G,1,0,0,1,0,0,23.0,76,225,11,10,110.9,3,2,105.0,13,8,109.4,1,4,108.0,8.2,2.1904761904761907,20.6,26.2,26.2,6.4,9.047619047619047,9.047619047619047,18.8,20.428571428571427,20.428571428571427,0.34,0.443,0.443,3.2,4.476190476190476,4.476190476190476,8.8,10.571428571428571,10.571428571428571,0.364,0.423,0.423,4.6,3.619047619047619,3.619047619047619,5.4,4.523809523809524,4.523809523809524,0.852,0.8,0.8,1.4,0.6666666666666666,0.6666666666666666,2.4,1.43,1.43,33.96666666666667,36.42619046666667,36.42619046666667,1
22,22.0,22.0,22.0,22.0,22.0,22.0,22.0,22.0,22024,1630162,22400355,"DEC 08, 2024",MIN @ GSW,L,37,10,19,0.526,5,9,0.556,2,2,1.0,0,5,5,6,1,0,6,3,27,-3,1,MIN,1610612750,GSW,1610612744,0,G,1,0,0,1,0,0,23.0,76,225,12,10,110.7,4,1,104.2,13,9,109.3,1,4,102.0,8.6,3.136363636363636,20.8,26.4,30.0,7.0,9.136363636363637,11.0,18.0,20.318181818181817,18.0,0.389,0.45,0.611,3.4,4.454545454545454,4.0,8.4,10.545454545454543,10.0,0.405,0.422,0.4,3.4,3.636363636363636,4.0,4.2,4.5,4.0,0.81,0.808,1.0,0.8,0.6363636363636364,0.0,2.4,1.41,1.0,32.306666666666665,36.3590909,34.95,1
23,23.0,23.0,23.0,23.0,23.0,23.0,23.0,23.0,22024,1630162,22401210,"DEC 13, 2024",MIN vs. LAL,W,33,9,20,0.45,2,7,0.286,3,5,0.6,2,4,6,1,1,1,5,1,23,25,1,MIN,1610612750,LAL,1610612747,1,G,1,0,0,1,0,0,23.0,76,225,12,11,110.5,4,1,104.6,13,11,115.8,2,3,103.4,14.6,2.869565217391304,20.4,26.4,17.5,7.2,9.173913043478262,6.5,17.0,20.26086956521739,19.0,0.424,0.453,0.342,3.6,4.478260869565218,3.0,8.4,10.478260869565217,9.0,0.429,0.427,0.333,2.4,3.565217391304348,1.5,3.0,4.391304347826087,2.5,0.8,0.812,0.6,0.6,0.6086956521739131,0.0,2.0,1.39,1.0,32.13666666666666,36.368115933333335,34.00833333333333,0
24,24.0,24.0,24.0,24.0,24.0,24.0,24.0,24.0,22024,1630162,22401218,"DEC 15, 2024",MIN @ SAS,W,28,10,21,0.476,3,7,0.429,3,3,1.0,0,5,5,2,0,0,1,3,26,9,1,MIN,1610612750,SAS,1610612759,0,G,1,0,0,1,0,0,23.0,76,225,13,11,110.0,4,1,105.4,13,12,113.2,2,3,113.8,16.2,3.7916666666666665,20.8,26.3,21.0,7.6,9.166666666666666,8.0,16.8,20.25,17.0,0.452,0.453,0.471,3.2,4.375,3.0,8.0,10.333333333333334,7.0,0.4,0.423,0.429,2.4,3.5416666666666665,2.0,3.0,4.416666666666667,4.0,0.8,0.802,0.5,0.6,0.6666666666666666,0.0,1.8,1.38,2.0,31.456666666666667,36.21180555,35.55,0
25,25.0,25.0,25.0,25.0,25.0,25.0,25.0,25.0,22024,1630162,22400367,"DEC 19, 2024",MIN vs. NYK,L,34,7,16,0.438,3,7,0.429,0,0,0.0,0,5,5,7,3,1,2,0,17,-15,1,MIN,1610612750,NYK,1610612752,1,G,1,0,0,1,0,0,23.0,76,225,14,11,109.8,4,1,104.8,16,10,110.1,3,2,109.8,7.8,4.0,24.4,26.2,26.2,9.0,9.2,9.2,18.4,20.28,20.28,0.489,0.454,0.454,3.6,4.32,4.32,8.4,10.2,10.2,0.429,0.424,0.424,2.8,3.52,3.52,3.2,4.36,4.36,0.875,0.807,0.807,0.6,0.64,0.64,1.4,1.32,1.32,31.756666666666668,35.90133333333333,35.90133333333333,0
26,26.0,26.0,26.0,26.0,26.0,26.0,26.0,26.0,22024,1630162,22400383,"DEC 21, 2024",MIN vs. GSW,L,39,6,20,0.3,4,11,0.364,3,4,0.75,1,6,7,5,0,0,1,4,19,-1,1,MIN,1610612750,GSW,1610612744,1,G,1,0,0,1,0,0,23.0,76,225,14,12,109.7,3,2,104.6,14,12,111.1,1,4,104.0,3.0,3.269230769230769,24.6,25.9,28.5,9.4,9.115384615384617,10.5,18.8,20.115384615384617,18.5,0.5,0.453,0.568,3.4,4.269230769230769,4.5,8.0,10.076923076923077,9.5,0.425,0.424,0.474,2.4,3.3846153846153846,3.0,2.8,4.1923076923076925,3.0,0.857,0.807,1.0,0.4,0.6153846153846154,0.0,1.2,1.38,1.0,33.233333333333334,35.81217948333333,35.75833333333333,0
27,27.0,27.0,27.0,27.0,27.0,27.0,27.0,27.0,22024,1630162,22400395,"DEC 23, 2024",MIN @ ATL,L,32,7,20,0.35,1,7,0.143,1,1,1.0,2,4,6,4,2,0,5,1,16,-23,1,MIN,1610612750,ATL,1610612737,0,G,1,0,0,1,0,0,23.0,76,225,14,13,109.4,2,3,103.8,14,15,119.6,1,4,111.8,-1.0,3.111111111111111,22.4,25.6,25.6,8.4,9.0,9.0,19.2,20.11111111111111,20.11111111111111,0.438,0.448,0.448,3.4,4.25925925925926,4.25925925925926,8.2,10.11111111111111,10.11111111111111,0.415,0.421,0.421,2.2,3.3703703703703702,3.3703703703703702,2.8,4.185185185185185,4.185185185185185,0.786,0.805,0.805,0.6,0.6296296296296297,0.6296296296296297,1.0,1.33,1.33,34.06,35.93333333333333,35.93333333333333,0
28,28.0,28.0,28.0,28.0,28.0,28.0,28.0,28.0,22024,1630162,22400406,"DEC 25, 2024",MIN @ DAL,W,39,11,24,0.458,4,7,0.571,0,0,0.0,1,7,8,5,2,1,4,0,26,8,1,MIN,1610612750,DAL,1610612742,0,G,1,0,0,1,0,0,23.0,76,225,14,14,109.3,2,3,103.4,19,10,112.0,3,2,117.4,-4.4,2.1785714285714284,20.2,25.3,37.0,7.8,8.928571428571429,12.0,19.4,20.107142857142858,20.0,0.402,0.444,0.6,2.6,4.142857142857143,7.0,7.8,10.0,13.0,0.333,0.414,0.538,2.0,3.2857142857142856,6.0,2.6,4.071428571428571,12.0,0.769,0.807,0.5,1.0,0.6785714285714286,0.0,1.2,1.36,0.0,33.20333333333333,35.802976183333335,37.333333333333336,1
29,29.0,29.0,29.0,29.0,29.0,29.0,29.0,29.0,22024,1630162,22400422,"DEC 27, 2024",MIN @ HOU,W,35,9,17,0.529,4,8,0.5,2,3,0.667,0,5,5,3,0,1,3,3,24,-1,1,MIN,1610612750,HOU,1610612745,0,G,1,0,0,1,0,0,23.0,76,225,15,14,109.1,2,3,105.0,21,9,106.5,4,1,117.0,-6.4,2.3793103448275863,20.8,25.3,29.0,8.2,9.0,8.0,20.2,20.24137931034483,22.0,0.406,0.445,0.364,3.0,4.137931034482759,3.0,7.8,9.89655172413793,12.0,0.385,0.418,0.25,1.4,3.1724137931034484,10.0,1.6,3.931034482758621,10.0,0.875,0.807,1.0,0.8,0.6896551724137931,3.0,1.4,1.38,1.0,34.52333333333333,35.92068965,43.25,0
30,30.0,30.0,30.0,30.0,30.0,30.0,30.0,30.0,22024,1630162,22400441,"DEC 29, 2024",MIN vs. SAS,W,38,6,20,0.3,1,9,0.111,1,1,1.0,1,7,8,4,0,1,2,1,14,2,1,MIN,1610612750,SAS,1610612759,1,G,1,0,0,1,0,0,23.0,76,225,16,14,109.2,2,3,106.4,16,15,112.0,3,2,112.6,-3.0,2.2666666666666666,20.4,25.3,23.5,8.0,9.0,9.0,19.4,20.133333333333333,19.0,0.412,0.447,0.474,3.2,4.133333333333334,3.0,8.0,9.833333333333334,7.0,0.4,0.42,0.429,1.2,3.1333333333333333,2.5,1.6,3.9,3.5,0.75,0.803,0.714,0.8,0.6666666666666666,0.0,1.4,1.33,1.0,35.89333333333333,35.9,32.0,0
31,31.0,31.0,31.0,31.0,31.0,31.0,31.0,31.0,22024,1630162,22400452,"DEC 31, 2024",MIN @ OKC,L,39,6,12,0.5,4,7,0.571,4,4,1.0,0,7,7,2,0,1,3,3,20,-3,1,MIN,1610612750,OKC,1610612760,0,G,1,0,0,1,0,0,23.0,76,225,17,14,109.3,3,2,107.4,26,5,103.3,5,0,116.6,-3.4,2.2580645161290325,19.8,24.9,24.9,7.8,8.903225806451612,8.903225806451612,20.2,20.12903225806452,20.12903225806452,0.386,0.442,0.442,2.8,4.032258064516129,4.032258064516129,8.4,9.806451612903226,9.806451612903226,0.333,0.411,0.411,1.4,3.064516129032258,3.064516129032258,1.8,3.806451612903226,3.806451612903226,0.778,0.805,0.805,1.0,0.6774193548387096,0.6774193548387096,0.8,1.29,1.29,36.81666666666667,35.974193533333334,35.974193533333334,0
32,32.0,32.0,32.0,32.0,32.0,32.0,32.0,32.0,22024,1630162,22400464,"JAN 02, 2025",MIN vs. BOS,L,36,5,16,0.313,2,9,0.222,3,4,0.75,0,4,4,6,0,0,2,0,15,-10,1,MIN,1610612750,BOS,1610612738,1,G,1,0,0,1,0,0,23.0,76,225,17,15,109.2,3,2,107.8,24,9,108.9,2,3,119.8,-0.8,2.09375,20.0,24.8,28.0,7.8,8.8125,9.0,18.6,19.875,21.0,0.419,0.443,0.429,2.8,4.03125,6.0,7.6,9.71875,11.0,0.368,0.415,0.545,1.6,3.09375,4.0,1.8,3.8125,4.0,0.889,0.811,1.0,0.8,0.65625,0.0,0.8,1.25,0.0,36.763333333333335,36.06302083333333,39.28333333333333,0
33,33.0,33.0,33.0,33.0,33.0,33.0,33.0,33.0,22024,1630162,22400479,"JAN 04, 2025",MIN @ DET,L,44,16,31,0.516,10,15,0.667,11,12,0.917,1,5,6,2,0,0,6,4,53,-3,1,MIN,1610612750,DET,1610612765,0,G,1,0,0,1,0,0,23.0,76,225,17,16,109.4,3,2,110.0,16,18,114.0,4,1,111.0,-3.0,1.7272727272727273,19.8,24.5,24.5,7.4,8.696969696969697,8.696969696969697,17.8,19.75757575757576,19.75757575757576,0.416,0.44,0.44,3.0,3.9696969696969697,3.9696969696969697,8.0,9.696969696969695,9.696969696969695,0.375,0.409,0.409,2.0,3.090909090909091,3.090909090909091,2.4,3.8181818181818175,3.8181818181818175,0.833,0.81,0.81,0.4,0.6363636363636364,0.6363636363636364,0.4,1.21,1.21,37.55,36.067676766666665,36.067676766666665,1
34,34.0,34.0,34.0,34.0,34.0,34.0,34.0,34.0,22024,1630162,22400500,"JAN 06, 2025",MIN vs. LAC,W,37,14,29,0.483,6,13,0.462,3,4,0.75,1,6,7,8,1,0,2,2,37,4,1,MIN,1610612750,LAC,1610612746,1,G,1,0,0,1,0,0,23.0,76,225,17,17,109.2,2,3,110.0,20,15,107.9,3,2,106.6,-2.0,1.588235294117647,25.2,25.3,18.5,8.4,8.911764705882353,6.0,19.2,20.08823529411765,17.5,0.438,0.444,0.343,4.2,4.147058823529412,4.0,9.6,9.852941176470589,9.0,0.438,0.421,0.444,4.2,3.323529411764706,2.5,4.8,4.0588235294117645,3.5,0.875,0.819,0.714,0.4,0.6470588235294118,1.5,0.0,1.18,3.0,38.59666666666666,36.31421568333333,31.10833333333333,1
35,35.0,35.0,35.0,35.0,35.0,35.0,35.0,35.0,22024,1630162,22400505,"JAN 07, 2025",MIN @ NOP,W,38,10,21,0.476,7,11,0.636,5,6,0.833,1,8,9,3,2,0,4,3,32,3,1,MIN,1610612750,NOP,1610612740,0,G,1,0,0,1,0,0,23.0,76,225,18,17,109.2,2,3,109.0,7,29,117.5,2,3,117.4,-1.8,1.6571428571428573,27.8,25.6,25.6,9.4,9.057142857142855,9.057142857142855,21.6,20.34285714285714,20.34285714285714,0.435,0.445,0.445,4.6,4.2,4.2,10.6,9.942857142857145,9.942857142857145,0.434,0.422,0.422,4.4,3.3142857142857145,3.3142857142857145,5.0,4.057142857142857,4.057142857142857,0.88,0.817,0.817,0.6,0.6571428571428571,0.6571428571428571,0.2,1.17,1.17,38.97,36.33857141666667,36.33857141666667,1
36,36.0,36.0,36.0,36.0,36.0,36.0,36.0,36.0,22024,1630162,22400519,"JAN 09, 2025",MIN @ ORL,W,36,5,19,0.263,4,11,0.364,7,9,0.778,1,2,3,7,2,0,2,2,21,20,1,MIN,1610612750,ORL,1610612753,0,G,1,0,0,1,0,0,23.0,76,225,19,17,109.1,2,3,107.4,22,16,103.2,3,2,99.8,2.8,1.6944444444444444,31.4,25.8,25.8,10.2,9.083333333333334,9.083333333333334,21.8,20.36111111111111,20.36111111111111,0.468,0.446,0.446,5.8,4.277777777777778,4.277777777777778,11.0,9.97222222222222,9.97222222222222,0.527,0.429,0.429,5.2,3.361111111111111,3.361111111111111,6.0,4.111111111111111,4.111111111111111,0.867,0.818,0.818,0.6,0.6666666666666666,0.6666666666666666,0.6,1.19,1.19,39.00333333333333,36.3949074,36.3949074,0
37,37.0,37.0,37.0,37.0,37.0,37.0,37.0,37.0,22024,1630162,22400535,"JAN 11, 2025",MIN vs. MEM,L,39,4,13,0.308,0,5,0.0,7,7,1.0,0,5,5,6,1,0,6,3,15,-5,1,MIN,1610612750,MEM,1610612763,1,G,1,0,0,1,0,0,23.0,76,225,20,17,108.9,3,2,107.2,24,14,114.8,2,3,119.4,3.8,2.189189189189189,31.6,25.7,25.7,10.0,8.972972972972974,8.972972972972974,23.2,20.324324324324323,20.324324324324323,0.431,0.441,0.441,5.8,4.27027027027027,4.27027027027027,11.8,10.0,10.0,0.492,0.427,0.427,5.8,3.45945945945946,3.45945945945946,7.0,4.243243243243243,4.243243243243243,0.829,0.815,0.815,0.8,0.6756756756756757,0.6756756756756757,1.0,1.22,1.22,38.513333333333335,36.39414413333333,36.39414413333333,0
38,38.0,38.0,38.0,38.0,38.0,38.0,38.0,38.0,22024,1630162,22400548,"JAN 13, 2025",MIN @ WAS,W,36,14,25,0.56,5,11,0.455,8,8,1.0,2,4,6,7,3,1,7,2,41,18,1,MIN,1610612750,WAS,1610612764,0,G,1,0,0,1,0,0,23.0,76,225,20,18,109.3,3,2,109.2,6,31,122.7,0,5,102.6,8.0,2.0,31.6,25.4,25.4,9.8,8.842105263157896,8.842105263157896,22.6,20.13157894736842,20.13157894736842,0.434,0.439,0.439,5.4,4.157894736842105,4.157894736842105,11.0,9.86842105263158,9.86842105263158,0.491,0.421,0.421,6.6,3.5526315789473686,3.5526315789473686,7.6,4.315789473684211,4.315789473684211,0.868,0.823,0.823,0.8,0.6578947368421053,0.6578947368421053,1.2,1.21,1.21,39.13,36.47061403333333,36.47061403333333,1
39,39.0,39.0,39.0,39.0,39.0,39.0,39.0,39.0,22024,1630162,22400565,"JAN 15, 2025",MIN vs. GSW,L,41,7,19,0.368,4,9,0.444,10,11,0.909,1,7,8,2,1,1,5,1,28,-2,1,MIN,1610612750,GSW,1610612744,1,G,1,0,0,1,0,0,23.0,76,225,21,18,109.6,4,1,112.2,19,20,110.6,1,4,100.2,6.8,2.41025641025641,29.2,25.8,25.3,9.4,8.974358974358974,9.0,21.4,20.25641025641025,19.0,0.439,0.443,0.474,4.4,4.17948717948718,4.333333333333333,10.2,9.897435897435898,10.0,0.431,0.422,0.433,6.0,3.6666666666666665,3.0,6.8,4.410256410256411,3.333333333333333,0.882,0.831,0.9,1.0,0.6923076923076923,0.3333333333333333,1.8,1.26,0.67,37.52,36.46880341666667,36.86666666666667,1
40,40.0,40.0,40.0,40.0,40.0,40.0,40.0,40.0,22024,1630162,22400578,"JAN 17, 2025",MIN @ NYK,W,38,12,21,0.571,8,13,0.615,4,4,1.0,2,11,13,7,0,0,6,0,36,24,1,MIN,1610612750,NYK,1610612752,0,G,1,0,0,1,0,0,23.0,76,225,21,19,109.8,3,2,113.6,27,15,111.0,3,2,119.4,11.0,2.3,27.4,25.9,17.0,8.0,8.925,7.0,19.4,20.225,16.0,0.412,0.441,0.438,4.0,4.175,3.0,9.4,9.875,7.0,0.426,0.423,0.429,7.4,3.825,0.0,8.2,4.575,0.0,0.902,0.836,0.0,1.0,0.7,0.0,1.8,1.25,3.0,38.266666666666666,36.57958333333333,33.583333333333336,1
41,41.0,41.0,41.0,41.0,41.0,41.0,41.0,41.0,22024,1630162,22400590,"JAN 18, 2025",MIN vs. CLE,L,41,9,22,0.409,4,9,0.444,6,6,1.0,0,3,3,5,1,1,2,2,28,-2,1,MIN,1610612750,CLE,1610612739,1,G,1,0,0,1,0,0,23.0,76,225,22,19,109.9,3,2,116.0,34,6,112.0,3,2,119.0,6.6,2.8292682926829267,28.2,26.1,26.1,8.4,9.0,9.0,19.4,20.24390243902439,20.24390243902439,0.433,0.445,0.445,4.2,4.2682926829268295,4.2682926829268295,9.8,9.951219512195122,9.951219512195122,0.429,0.429,0.429,7.2,3.829268292682927,3.829268292682927,7.8,4.560975609756097,4.560975609756097,0.923,0.84,0.84,1.2,0.7317073170731707,0.7317073170731707,1.4,1.22,1.22,38.156666666666666,36.60975608333333,36.60975608333333,1
42,42.0,42.0,42.0,42.0,42.0,42.0,42.0,42.0,22024,1630162,22400601,"JAN 20, 2025",MIN @ MEM,L,38,8,19,0.421,3,8,0.375,13,18,0.722,1,3,4,3,0,1,5,1,32,-7,1,MIN,1610612750,MEM,1610612763,0,G,1,0,0,1,0,0,23.0,76,225,22,20,110.1,2,3,118.6,27,15,115.1,3,2,125.8,6.2,2.7142857142857144,29.6,26.1,15.0,9.2,9.0,4.0,20.0,20.285714285714285,13.0,0.46,0.444,0.308,4.2,4.261904761904762,0.0,9.4,9.928571428571429,5.0,0.447,0.429,0.0,7.0,3.880952380952381,7.0,7.2,4.595238095238095,7.0,0.972,0.845,1.0,1.0,0.7142857142857143,0.0,1.2,1.21,1.0,39.09,36.71507935,39.3,1
43,43.0,43.0,43.0,43.0,43.0,43.0,43.0,43.0,22024,1630162,22400614,"JAN 22, 2025",MIN @ DAL,W,37,6,19,0.316,2,7,0.286,7,8,0.875,1,4,5,7,0,0,3,0,21,-10,1,MIN,1610612750,DAL,1610612742,0,G,1,0,0,1,0,0,23.0,76,225,22,21,110.0,2,3,114.8,23,20,111.8,1,4,105.4,0.6,2.488372093023256,33.0,26.3,31.5,10.0,8.976744186046512,11.5,21.2,20.25581395348837,22.0,0.472,0.443,0.523,4.8,4.232558139534884,5.5,10.0,9.883720930232558,10.0,0.48,0.428,0.55,8.2,4.093023255813954,3.0,9.4,4.906976744186046,6.0,0.872,0.834,0.5,1.2,0.7209302325581395,0.5,1.0,1.19,1.0,38.766666666666666,36.73759688333333,38.275,0
44,44.0,44.0,44.0,44.0,44.0,44.0,44.0,44.0,22024,1630162,22400634,"JAN 25, 2025",MIN vs. DEN,W,33,14,23,0.609,3,8,0.375,3,4,0.75,1,0,1,9,0,0,3,4,34,27,1,MIN,1610612750,DEN,1610612743,1,G,1,0,0,1,0,0,23.0,76,225,23,21,110.1,2,3,113.8,28,16,115.6,4,1,126.0,6.4,2.2045454545454546,29.0,26.2,29.0,8.4,8.909090909090908,11.0,20.0,20.227272727272727,23.0,0.42,0.44,0.478,4.2,4.181818181818182,7.0,9.2,9.818181818181818,14.0,0.457,0.426,0.5,8.0,4.159090909090909,0.0,9.4,4.977272727272728,0.0,0.851,0.836,0.0,1.0,0.7272727272727273,0.0,0.4,1.16,1.0,38.78666666666667,36.73219696666666,38.3,1
45,45.0,45.0,45.0,45.0,45.0,45.0,45.0,45.0,22024,1630162,22400656,"JAN 27, 2025",MIN vs. ATL,W,35,6,20,0.3,2,11,0.182,9,13,0.692,2,3,5,4,2,1,3,2,23,8,1,MIN,1610612750,ATL,1610612737,1,G,1,0,0,1,0,0,23.0,76,225,24,21,110.6,3,2,117.4,22,23,118.9,1,4,109.2,3.2,2.7555555555555555,30.2,26.3,16.0,9.8,9.022222222222222,7.0,20.8,20.288888888888888,20.0,0.471,0.445,0.35,4.0,4.155555555555556,1.0,9.0,9.77777777777778,7.0,0.444,0.425,0.143,6.6,4.133333333333334,1.0,8.0,4.955555555555556,1.0,0.825,0.834,1.0,1.0,0.7333333333333333,2.0,0.2,1.13,2.0,37.27333333333333,36.656666666666666,32.28333333333333,0
46,46.0,46.0,46.0,46.0,46.0,46.0,46.0,,22024,1630162,22400672,"JAN 29, 2025",MIN @ PHX,W,40,11,20,0.55,3,8,0.375,8,9,0.889,0,7,7,5,2,4,7,2,33,10,1,MIN,1610612750,PHX,1610612756,0,G,1,0,0,1,0,0,23.0,76,225,25,21,110.4,3,2,114.2,24,21,113.5,4,1,111.0,5.6,2.869565217391304,27.6,26.3,24.0,8.6,8.956521739130435,9.0,20.6,20.282608695652176,14.0,0.417,0.442,0.643,2.8,4.108695652173913,3.0,8.6,9.804347826086955,7.0,0.326,0.419,0.429,7.6,4.239130434782608,3.0,9.8,5.130434782608695,3.0,0.776,0.826,1.0,1.0,0.7608695652173914,0.0,0.6,1.15,1.0,36.78666666666667,36.6289855,38.833333333333336,1
47,47.0,47.0,47.0,47.0,47.0,47.0,,,22024,1630162,22400677,"JAN 30, 2025",MIN @ UTA,W,35,12,18,0.667,6,9,0.667,6,7,0.857,1,5,6,11,0,3,3,3,36,25,1,MIN,1610612750,UTA,1610612762,0,G,1,0,0,1,0,0,23.0,76,225,26,21,110.6,4,1,115.0,10,35,118.5,0,5,109.8,12.0,3.021276595744681,28.6,26.4,26.4,9.0,9.0,9.0,20.2,20.27659574468085,20.27659574468085,0.446,0.444,0.444,2.6,4.085106382978723,4.085106382978723,8.4,9.76595744680851,9.76595744680851,0.31,0.418,0.418,8.0,4.319148936170213,4.319148936170213,10.4,5.212765957446808,5.212765957446808,0.769,0.829,0.829,1.0,0.7446808510638298,0.7446808510638298,0.8,1.17,1.17,36.57,36.69964538333333,36.69964538333333,1
48,48.0,48.0,48.0,48.0,48.0,,,,22024,1630162,22400704,"FEB 03, 2025",MIN vs. SAC,L,38,7,21,0.333,3,10,0.3,4,4,1.0,1,5,6,4,2,1,3,3,21,0,1,MIN,1610612750,SAC,1610612758,1,G,1,0,0,1,0,0,23.0,76,225,27,22,111.0,4,1,119.0,24,24,115.3,1,4,113.4,14.0,3.4791666666666665,31.5,26.6,32.3,10.75,9.0625,11.0,20.25,20.229166666666668,25.0,0.531,0.448,0.44,3.5,4.125,5.0,9.0,9.75,12.666666666666666,0.389,0.423,0.395,6.5,4.354166666666667,5.333333333333333,8.25,5.25,5.666666666666667,0.788,0.829,0.941,1.0,0.75,1.0,1.0,1.15,1.33,36.00833333333333,36.671875,39.5111111,0
49,49.0,49.0,49.0,49.0,,,,,22024,1630162,22400723,"FEB 05, 2025",MIN vs. CHI,W,37,13,28,0.464,6,14,0.429,17,18,0.944,3,6,9,3,1,1,5,2,49,17,1,MIN,1610612750,CHI,1610612741,1,G,1,0,0,1,0,0,23.0,76,225,27,23,111.1,3,2,115.2,22,29,120.0,3,2,120.6,12.0,3.4081632653061225,29.4,26.5,33.0,10.0,9.020408163265309,13.0,20.4,20.244897959183675,23.0,0.49,0.446,0.565,3.4,4.1020408163265305,5.0,9.2,9.755102040816327,9.0,0.37,0.421,0.556,6.0,4.346938775510204,2.0,7.4,5.224489795918367,2.0,0.811,0.832,1.0,1.0,0.7551020408163265,3.0,1.2,1.16,0.0,36.31333333333333,36.68945576666667,34.81666666666667,1
50,50.0,50.0,50.0,,,,,,22024,1630162,22400729,"FEB 06, 2025",MIN vs. HOU,W,38,11,25,0.44,5,12,0.417,14,15,0.933,2,5,7,6,0,1,4,3,41,9,1,MIN,1610612750,HOU,1610612745,1,G,1,0,0,1,0,0,23.0,76,225,28,23,111.4,3,2,120.6,32,18,108.6,1,4,106.4,12.2,3.68,32.4,26.9,26.5,9.8,9.1,8.5,21.4,20.4,19.5,0.458,0.446,0.436,4.0,4.14,3.5,10.4,9.84,10.0,0.385,0.421,0.35,8.8,4.6,6.0,10.2,5.48,6.5,0.863,0.839,0.923,1.4,0.8,1.5,1.4,1.16,0.5,37.016666666666666,36.69266666666667,39.275,1
51,51.0,51.0,,,,,,,22024,1630162,22400755,"FEB 10, 2025",MIN @ CLE,L,37,13,28,0.464,8,15,0.533,10,13,0.769,0,6,6,1,1,0,7,0,44,-12,1,MIN,1610612750,CLE,1610612739,0,G,1,0,0,1,0,0,23.0,76,225,30,23,111.7,3,2,117.0,42,10,112.1,4,1,127.6,7.8,3.784313725490196,36.0,27.2,28.0,10.8,9.137254901960784,9.0,22.4,20.49019607843137,22.0,0.482,0.446,0.409,4.6,4.15686274509804,4.0,10.6,9.882352941176473,9.0,0.434,0.421,0.444,9.8,4.784313725490196,6.0,10.6,5.666666666666667,6.0,0.925,0.844,1.0,1.4,0.8235294117647058,0.0,1.0,1.14,1.0,37.63,36.72712416666667,41.03333333333333,1
52,52.0,,,,,,,,22024,1630162,22400776,"FEB 12, 2025",MIN vs. MIL,L,37,10,33,0.303,4,17,0.235,4,5,0.8,0,7,7,4,2,0,2,0,28,0,1,MIN,1610612750,MIL,1610612749,1,G,1,0,0,1,0,0,23.0,76,225,30,24,111.6,3,2,117.8,28,24,113.1,2,3,112.8,2.8,3.480769230769231,38.2,27.5,27.5,11.2,9.211538461538462,9.211538461538462,24.0,20.634615384615383,20.634615384615383,0.467,0.446,0.446,5.6,4.230769230769231,4.230769230769231,12.0,9.98076923076923,9.98076923076923,0.467,0.424,0.424,10.2,4.884615384615385,4.884615384615385,11.4,5.807692307692308,5.807692307692308,0.895,0.841,0.841,1.4,0.8076923076923077,0.8076923076923077,0.8,1.13,1.13,36.94,36.7227564,36.7227564,1
53,,,,,,,,,22024,1630162,0022400787,"FEB 13, 2025",MIN vs. OKC,W,36,5,18,0.278,3,12,0.25,10,11,0.909,1,6,7,7,3,0,2,0,23,10,1,MIN,1610612750,OKC,1610612760,1,G,1,0,0,1,0,0,23.0,76,225,30,25,111.4,3,2,115.2,44,9,104.7,5,0,127.6,4.8,3.4150943396226414,36.6,27.5,20.0,10.8,9.226415094339623,6.0,27.0,20.867924528301888,12.0,0.4,0.442,0.5,5.2,4.226415094339623,4.0,13.6,10.11320754716981,7.0,0.382,0.418,0.571,9.8,4.867924528301887,4.0,11.0,5.7924528301886795,4.0,0.891,0.84,1.0,1.2,0.7924528301886793,0.0,1.2,1.15,0.0,37.27,36.72830188333333,38.81666666666667,0
