,SEASON_ID,Player_ID,Game_ID,GAME_DATE,MATCHUP,WL,MIN,FGM,FGA,FG_PCT,FG3M,FG3A,FG3_PCT,FTM,FTA,FT_PCT,OREB,DREB,REB,AST,STL,BLK,TOV,PF,PTS,PLUS_MINUS,VIDEO_AVAILABLE,TEAM_ABBREVIATION,TEAM_ID,OPP_TEAM,OPP_TEAMID,Home_Away,POSITION,Primary_Guard,Primary_Forward,Primary_Center,Is_Guard,Is_Forward,Is_Center,AGE,HEIGHT,WEIGHT,TEAM_W,TEAM_L,PPG,L5_W,L5_L,L5_PPG,OPP_TEAM_W,OPP_TEAM_L,OPP_PPG_ALLOWED,OPP_L5_W,OPP_L5_L,OPP_L5_PPG,MA_PLUS_MINUS,AVG_PLUS_MINUS,MA_MIN,AVG_MIN,MA_PTS,AVG_PTS,VS_PTS,MA_FGM,AVG_FGM,VS_FGM,MA_FGA,AVG_FGA,VS_FGA,MA_FG_PCT,AVG_FG_PCT,VS_FG_PCT,MA_FG3M,AVG_FG3M,VS_FG3M,MA_FG3A,AVG_FG3A,VS_FG3A,MA_FG3_PCT,AVG_FG3_PCT,VS_FG3_PCT,MA_FTM,AVG_FTM,VS_FTM,MA_FTA,AVG_FTA,VS_FTA,MA_FT_PCT,AVG_FT_PCT,VS_FT_PCT,MA_OREB,AVG_OREB,VS_OREB,MA_STL,AVG_STL,VS_STL,VS_MIN,target
0,22024,1629632,0022400069,"OCT 23, 2024",CHI @ NOP,L,35,4,13,0.308,0,5,0.0,2,2,1.0,0,8,8,6,1,1,4,1,10,-6,1,CHI,1610612741,NOP,1610612740,0,G,1,0,0,1,0,0,24.0,77,195,0,0,0.0,0,5,0.0,0,0,0.0,0,5,0.0,-6.0,-6.0,0.0,0.0,0.0,0.0,0.0,0.0,0.0,0.0,0.0,0.0,0.0,0.0,0.0,0.0,0.0,0.0,0.0,0.0,0.0,0.0,0.0,0.0,0.0,0.0,0.0,0.0,0.0,0.0,0.0,0.0,0.0,0.0,0.0,0.0,0.0,0.0,0.0,0.0,0.0,1
1,22024,1629632,0022400083,"OCT 25, 2024",CHI @ MIL,W,34,12,20,0.6,7,13,0.538,4,4,1.0,0,6,6,5,4,0,3,1,35,16,1,CHI,1610612741,MIL,1610612749,0,G,1,0,0,1,0,0,24.0,77,195,0,1,111.0,0,5,111.0,1,0,109.0,1,4,124.0,5.0,-6.0,34.78333333333333,34.78333333333333,10.0,10.0,10.0,4.0,4.0,4.0,13.0,13.0,13.0,0.308,0.308,0.308,0.0,0.0,0.0,5.0,5.0,5.0,0.0,0.0,0.0,2.0,2.0,2.0,2.0,2.0,2.0,1.0,1.0,1.0,0.0,0.0,0.0,1.0,1.0,1.0,34.78333333333333,1
2,22024,1629632,0022400091,"OCT 26, 2024",CHI vs. OKC,L,30,3,12,0.25,0,9,0.0,3,6,0.5,0,4,4,3,1,0,3,3,9,-20,1,CHI,1610612741,OKC,1610612760,1,G,1,0,0,1,0,0,24.0,77,195,1,1,122.0,1,4,122.0,1,0,87.0,1,4,102.0,-3.3333333333333335,5.0,34.575,34.575,22.5,22.5,22.5,8.0,8.0,8.0,16.5,16.5,16.5,0.485,0.485,0.485,3.5,3.5,3.5,9.0,9.0,9.0,0.389,0.389,0.389,3.0,3.0,3.0,3.0,3.0,3.0,1.0,1.0,1.0,0.0,0.0,0.0,2.5,2.5,2.5,34.575,0
3,22024,1629632,0022400108,"OCT 28, 2024",CHI @ MEM,W,32,6,15,0.4,5,10,0.5,3,3,1.0,1,1,2,5,0,0,0,2,20,8,1,CHI,1610612741,MEM,1610612763,0,G,1,0,0,1,0,0,24.0,77,195,1,2,113.0,1,4,113.0,2,1,121.0,2,3,119.3,-0.5,-3.3333333333333335,32.983333333333334,32.983333333333334,18.0,18.0,18.0,6.333333333333333,6.333333333333333,6.333333333333333,15.0,15.0,15.0,0.422,0.422,0.422,2.3333333333333335,2.3333333333333335,2.3333333333333335,9.0,9.0,9.0,0.259,0.259,0.259,3.0,3.0,3.0,4.0,4.0,4.0,0.75,0.75,0.75,0.0,0.0,0.0,2.0,2.0,2.0,32.983333333333334,1
4,22024,1629632,0022400123,"OCT 30, 2024",CHI vs. ORL,W,37,8,16,0.5,4,10,0.4,1,2,0.5,0,2,2,3,1,0,2,2,21,-2,1,CHI,1610612741,ORL,1610612753,1,G,1,0,0,1,0,0,24.0,77,195,2,2,116.3,2,3,116.3,3,1,109.3,3,2,115.5,-0.8,-0.5,32.7375,32.7375,18.5,18.5,18.5,6.25,6.25,6.25,15.0,15.0,15.0,0.417,0.417,0.417,3.0,3.0,3.0,9.25,9.25,9.25,0.324,0.324,0.324,3.0,3.0,3.0,3.75,3.75,3.75,0.8,0.8,0.8,0.25,0.25,0.25,1.5,1.5,1.5,32.7375,1
5,22024,1629632,0022400136,"NOV 01, 2024",CHI @ BKN,L,34,6,13,0.462,5,9,0.556,4,5,0.8,1,3,4,4,0,0,3,4,21,-2,1,CHI,1610612741,BKN,1610612751,0,G,1,0,0,1,0,0,24.0,77,195,3,2,113.4,3,2,113.4,2,3,117.6,2,3,118.0,0.0,-0.8,33.663333333333334,33.663333333333334,19.0,19.0,19.0,6.6,6.6,6.6,15.2,15.2,15.2,0.434,0.434,0.434,3.2,3.2,3.2,9.4,9.4,9.4,0.34,0.34,0.34,2.6,2.6,2.6,3.4,3.4,3.4,0.765,0.765,0.765,0.2,0.2,0.2,1.4,1.4,1.4,33.663333333333334,1
6,22024,1629632,0022400160,"NOV 04, 2024",CHI vs. UTA,L,34,10,19,0.526,6,9,0.667,2,2,1.0,0,4,4,6,2,0,3,4,28,-4,1,CHI,1610612741,UTA,1610612762,1,G,1,0,0,1,0,0,24.0,77,195,3,3,113.2,3,2,113.6,0,6,118.5,0,5,95.0,-4.0,-1.0,33.56666666666667,33.769444433333334,21.2,19.3,19.3,7.0,6.5,6.5,15.2,14.833333333333334,14.833333333333334,0.461,0.438,0.438,4.2,3.5,3.5,10.2,9.333333333333334,9.333333333333334,0.412,0.375,0.375,3.0,2.8333333333333335,2.8333333333333335,4.0,3.6666666666666665,3.6666666666666665,0.75,0.773,0.773,0.4,0.3333333333333333,0.3333333333333333,1.2,1.17,1.17,33.769444433333334,1
7,22024,1629632,0022400176,"NOV 06, 2024",CHI @ DAL,L,29,3,13,0.231,1,7,0.143,1,2,0.5,0,1,1,5,1,0,4,1,8,-25,1,CHI,1610612741,DAL,1610612742,0,G,1,0,0,1,0,0,24.0,77,195,3,4,115.0,2,3,112.2,4,3,109.4,3,2,113.4,-5.0,-1.4285714285714286,33.55,33.84285713333333,19.8,20.6,20.6,6.6,7.0,7.0,15.0,15.428571428571429,15.428571428571429,0.44,0.454,0.454,4.0,3.857142857142857,3.857142857142857,9.4,9.285714285714286,9.285714285714286,0.426,0.415,0.415,2.6,2.7142857142857144,2.7142857142857144,3.6,3.4285714285714284,3.4285714285714284,0.722,0.792,0.792,0.4,0.2857142857142857,0.2857142857142857,0.8,1.29,1.29,33.84285713333333,0
8,22024,1629632,0022400181,"NOV 07, 2024",CHI vs. MIN,L,34,9,15,0.6,4,9,0.444,2,2,1.0,0,0,0,8,0,0,3,4,24,-8,1,CHI,1610612741,MIN,1610612750,1,G,1,0,0,1,0,0,24.0,77,195,3,5,113.0,2,3,113.0,4,3,109.7,3,2,112.4,-8.2,-4.375,33.3,33.18125,19.6,19.0,19.0,6.6,6.5,6.5,15.2,15.125,15.125,0.434,0.43,0.43,4.2,3.5,3.5,9.0,9.0,9.0,0.467,0.389,0.389,2.2,2.5,2.5,2.8,3.25,3.25,0.786,0.769,0.769,0.4,0.25,0.25,0.8,1.25,1.25,33.18125,1
9,22024,1629632,0022400198,"NOV 09, 2024",CHI @ ATL,W,33,6,14,0.429,2,9,0.222,4,4,1.0,0,4,4,5,3,0,2,3,18,2,1,CHI,1610612741,ATL,1610612737,0,G,1,0,0,1,0,0,24.0,77,195,3,6,113.7,1,4,111.6,4,6,121.3,2,3,115.2,-7.4,-4.777777777777778,33.696666666666665,33.27037036666667,20.4,19.6,19.6,7.2,6.777777777777778,6.777777777777778,15.2,15.11111111111111,15.11111111111111,0.474,0.449,0.449,4.0,3.5555555555555554,3.5555555555555554,8.8,9.0,9.0,0.455,0.395,0.395,2.0,2.4444444444444446,2.4444444444444446,2.6,3.111111111111111,3.111111111111111,0.769,0.786,0.786,0.2,0.2222222222222222,0.2222222222222222,0.8,1.11,1.11,33.27037036666667,0
10,22024,1629632,0022400212,"NOV 11, 2024",CHI vs. CLE,L,37,5,13,0.385,5,11,0.455,5,5,1.0,0,7,7,6,4,1,5,2,20,4,1,CHI,1610612741,CLE,1610612739,1,G,1,0,0,1,0,0,24.0,77,195,4,6,114.8,1,4,116.2,11,0,110.2,5,0,120.4,-6.2,-4.1,32.806666666666665,33.235,19.8,19.4,19.4,6.8,6.7,6.7,14.8,15.0,15.0,0.459,0.447,0.447,3.6,3.4,3.4,8.6,9.0,9.0,0.419,0.378,0.378,2.6,2.6,2.6,3.0,3.2,3.2,0.867,0.813,0.813,0.2,0.2,0.2,1.2,1.3,1.3,33.235,1
11,22024,1629632,0022400219,"NOV 13, 2024",CHI @ NYK,W,36,6,16,0.375,2,9,0.222,8,8,1.0,0,1,1,4,1,0,3,4,22,-8,1,CHI,1610612741,NYK,1610612752,0,G,1,0,0,1,0,0,24.0,77,195,4,7,114.6,1,4,116.4,5,5,110.0,2,3,112.2,-7.0,-3.3636363636363638,33.406666666666666,33.60454545,19.6,19.5,19.5,6.6,6.545454545454546,6.545454545454546,14.8,14.818181818181818,14.818181818181818,0.446,0.442,0.442,3.6,3.5454545454545454,3.5454545454545454,9.0,9.181818181818182,9.181818181818182,0.4,0.386,0.386,2.8,2.8181818181818183,2.8181818181818183,3.0,3.3636363636363638,3.3636363636363638,0.933,0.838,0.838,0.0,0.18181818181818182,0.18181818181818182,2.0,1.55,1.55,33.60454545,1
12,22024,1629632,0022400013,"NOV 15, 2024",CHI @ CLE,L,30,8,15,0.533,6,11,0.545,7,7,1.0,0,1,1,3,2,0,4,3,29,-11,1,CHI,1610612741,CLE,1610612739,0,G,1,0,0,1,0,0,24.0,77,195,5,7,115.4,2,3,116.0,13,0,110.1,5,0,121.0,-4.2,-3.75,33.663333333333334,33.76805555,18.4,19.7,20.0,5.8,6.5,5.0,14.2,14.916666666666666,13.0,0.408,0.436,0.385,2.8,3.4166666666666665,5.0,9.0,9.166666666666666,11.0,0.311,0.373,0.455,4.0,3.25,5.0,4.2,3.75,5.0,0.952,0.867,1.0,0.0,0.16666666666666666,0.0,1.8,1.5,4.0,37.3,1
13,22024,1629632,0022400241,"NOV 17, 2024",CHI vs. HOU,L,25,3,8,0.375,2,4,0.5,0,0,0.0,1,1,2,4,0,1,1,1,8,-17,1,CHI,1610612741,HOU,1610612745,1,G,1,0,0,1,0,0,24.0,77,195,5,8,116.2,2,3,121.4,9,4,106.0,4,1,110.2,-6.0,-4.3076923076923075,33.92666666666667,33.46794871666667,22.6,20.4,20.4,6.8,6.615384615384615,6.615384615384615,14.6,14.923076923076923,14.923076923076923,0.466,0.443,0.443,3.8,3.6153846153846154,3.6153846153846154,9.8,9.307692307692308,9.307692307692308,0.388,0.388,0.388,5.2,3.5384615384615383,3.5384615384615383,5.2,4.0,4.0,1.0,0.885,0.885,0.0,0.15384615384615385,0.15384615384615385,2.0,1.54,1.54,33.46794871666667,0
14,22024,1629632,0022400244,"NOV 18, 2024",CHI @ DET,W,33,9,14,0.643,5,10,0.5,2,2,1.0,0,4,4,4,0,1,1,3,25,-3,1,CHI,1610612741,DET,1610612765,0,G,1,0,0,1,0,0,24.0,77,195,5,9,115.6,2,3,119.0,7,8,110.2,3,2,113.0,-7.0,-5.214285714285714,32.11666666666667,32.858333333333334,19.4,19.5,19.5,5.6,6.357142857142857,6.357142857142857,13.2,14.428571428571429,14.428571428571429,0.424,0.441,0.441,3.4,3.5,3.5,8.8,8.928571428571429,8.928571428571429,0.386,0.392,0.392,4.8,3.2857142857142856,3.2857142857142856,4.8,3.7142857142857144,3.7142857142857144,1.0,0.885,0.885,0.2,0.21428571428571427,0.21428571428571427,2.0,1.43,1.43,32.858333333333334,1
15,22024,1629632,0022400253,"NOV 20, 2024",CHI @ MIL,L,32,6,15,0.4,2,8,0.25,0,0,0.0,0,2,2,2,0,0,3,4,14,0,1,CHI,1610612741,MIL,1610612749,0,G,1,0,0,1,0,0,24.0,77,195,6,9,116.0,2,3,118.4,5,9,112.6,3,2,109.6,-7.8,-5.066666666666666,32.18333333333333,32.884444433333336,20.8,19.9,35.0,6.2,6.533333333333333,12.0,13.2,14.4,20.0,0.47,0.454,0.6,4.0,3.6,7.0,9.0,9.0,13.0,0.444,0.4,0.538,4.4,3.2,4.0,4.4,3.6,4.0,1.0,0.889,1.0,0.2,0.2,0.0,1.4,1.33,4.0,34.36666666666667,0
16,22024,1629632,0022400030,"NOV 22, 2024",CHI vs. ATL,W,37,6,16,0.375,3,12,0.25,5,6,0.833,1,5,6,9,2,0,0,1,20,18,1,CHI,1610612741,ATL,1610612737,1,G,1,0,0,1,0,0,24.0,77,195,6,10,115.4,2,3,117.0,7,9,119.6,3,2,112.4,-2.6,-4.75,31.093333333333334,32.81979166666667,19.6,19.5,18.0,6.4,6.5,6.0,13.6,14.4375,14.0,0.471,0.45,0.429,3.4,3.5,2.0,8.4,8.9375,9.0,0.405,0.392,0.222,3.4,3.0,4.0,3.4,3.375,4.0,1.0,0.889,1.0,0.2,0.1875,0.0,0.6,1.25,3.0,32.916666666666664,1
17,22024,1629632,0022400266,"NOV 23, 2024",CHI vs. MEM,L,30,4,11,0.364,2,4,0.5,1,2,0.5,2,2,4,5,1,1,1,3,11,-5,1,CHI,1610612741,MEM,1610612763,1,G,1,0,0,1,0,0,24.0,77,195,7,10,116.6,2,3,119.4,9,7,112.6,2,3,114.6,-1.4,-3.411764705882353,31.45,33.0862745,19.2,19.5,20.0,6.4,6.470588235294118,6.0,13.6,14.529411764705882,15.0,0.471,0.445,0.4,3.6,3.4705882352941178,5.0,9.0,9.117647058823529,10.0,0.4,0.381,0.5,2.8,3.1176470588235294,3.0,3.0,3.5294117647058822,3.0,0.933,0.883,1.0,0.4,0.23529411764705882,1.0,0.8,1.29,0.0,32.0,0
18,22024,1629632,0022400035,"NOV 26, 2024",CHI @ WAS,W,31,7,13,0.538,5,9,0.556,2,2,1.0,0,8,8,2,1,0,0,2,21,15,1,CHI,1610612741,WAS,1610612764,0,G,1,0,0,1,0,0,24.0,77,195,7,11,117.4,2,3,120.4,2,13,122.9,0,5,105.2,5.0,-3.5,31.456666666666667,32.90925925,15.6,19.1,19.1,5.6,6.333333333333333,6.333333333333333,12.8,14.333333333333334,14.333333333333334,0.438,0.442,0.442,2.8,3.388888888888889,3.388888888888889,7.6,8.833333333333334,8.833333333333334,0.368,0.384,0.384,1.6,3.0,3.0,2.0,3.4444444444444446,3.4444444444444446,0.8,0.871,0.871,0.8,0.3333333333333333,0.3333333333333333,0.6,1.28,1.28,32.90925925,1
19,22024,1629632,0022400289,"NOV 27, 2024",CHI @ ORL,L,26,3,10,0.3,2,7,0.286,1,1,1.0,0,2,2,2,0,0,5,2,9,-29,1,CHI,1610612741,ORL,1610612753,0,G,1,0,0,1,0,0,24.0,77,195,8,11,117.9,3,2,124.4,12,7,102.1,4,1,105.4,-0.2,-2.526315789473684,32.69,32.81403508333333,18.2,19.2,21.0,6.4,6.368421052631579,8.0,13.8,14.263157894736842,16.0,0.464,0.446,0.5,3.4,3.473684210526316,4.0,8.6,8.842105263157896,10.0,0.395,0.393,0.4,2.0,2.9473684210526314,1.0,2.4,3.3684210526315788,2.0,0.833,0.875,0.5,0.6,0.3157894736842105,0.0,0.8,1.26,1.0,37.36666666666667,0
20,22024,1629632,0022400047,"NOV 29, 2024",CHI vs. BOS,L,33,3,11,0.273,1,7,0.143,4,5,0.8,1,5,6,4,0,0,2,0,11,7,1,CHI,1610612741,BOS,1610612738,1,G,1,0,0,1,0,0,24.0,77,195,8,12,118.0,2,3,123.8,15,3,109.6,5,0,117.4,1.2,-3.85,31.236666666666668,32.4725,15.0,18.7,18.7,5.2,6.2,6.2,13.0,14.05,14.05,0.4,0.441,0.441,2.8,3.4,3.4,8.0,8.75,8.75,0.35,0.389,0.389,1.8,2.85,2.85,2.2,3.25,3.25,0.818,0.877,0.877,0.6,0.3,0.3,0.8,1.2,1.2,32.4725,0
21,22024,1629632,0022400336,"DEC 06, 2024",CHI vs. IND,L,32,7,19,0.368,4,12,0.333,1,1,1.0,0,4,4,9,1,0,2,2,19,7,1,CHI,1610612741,IND,1610612754,1,G,1,0,0,1,0,0,24.0,77,195,10,13,119.8,3,2,128.4,9,14,118.2,1,4,109.8,-1.0,-3.3333333333333335,29.888888883333333,32.47777776666667,13.7,18.3,18.3,4.333333333333333,6.0476190476190474,6.0476190476190474,11.333333333333334,13.904761904761905,13.904761904761905,0.382,0.435,0.435,2.6666666666666665,3.2857142857142856,3.2857142857142856,7.666666666666667,8.666666666666666,8.666666666666666,0.348,0.379,0.379,2.3333333333333335,2.9047619047619047,2.9047619047619047,2.6666666666666665,3.3333333333333335,3.3333333333333335,0.875,0.871,0.871,0.3333333333333333,0.3333333333333333,0.3333333333333333,0.33,1.14,1.14,32.47777776666667,1
22,22024,1629632,0022400347,"DEC 08, 2024",CHI vs. PHI,L,37,5,17,0.294,3,11,0.273,0,0,0.0,1,3,4,5,0,0,0,4,13,5,1,CHI,1610612741,PHI,1610612755,1,G,1,0,0,1,0,0,24.0,77,195,10,14,119.9,2,3,127.6,6,15,110.6,3,2,108.0,1.0,-2.8636363636363638,30.17222221666667,32.453787866666666,13.0,18.3,18.3,4.333333333333333,6.090909090909091,6.090909090909091,13.333333333333334,14.136363636363637,14.136363636363637,0.325,0.431,0.431,2.3333333333333335,3.3181818181818183,3.3181818181818183,8.666666666666666,8.818181818181818,8.818181818181818,0.269,0.376,0.376,2.0,2.8181818181818183,2.8181818181818183,2.3333333333333335,3.227272727272727,3.227272727272727,0.857,0.873,0.873,0.3333333333333333,0.3181818181818182,0.3181818181818182,0.33,1.14,1.14,32.453787866666666,0
23,22024,1629632,0022401212,"DEC 13, 2024",CHI vs. CHA,W,32,6,15,0.4,2,9,0.222,4,4,1.0,0,2,2,1,2,0,3,3,18,-2,1,CHI,1610612741,CHA,1610612766,1,G,1,0,0,1,0,0,24.0,77,195,10,15,119.1,2,3,123.8,7,17,112.6,1,4,104.8,-2.4,-2.5217391304347827,33.8,32.645652166666665,14.3,18.1,18.1,5.0,6.043478260869565,6.043478260869565,15.666666666666666,14.26086956521739,14.26086956521739,0.319,0.424,0.424,2.6666666666666665,3.3043478260869565,3.3043478260869565,10.0,8.91304347826087,8.91304347826087,0.267,0.371,0.371,1.6666666666666667,2.6956521739130435,2.6956521739130435,2.0,3.0869565217391304,3.0869565217391304,0.833,0.873,0.873,0.6666666666666666,0.34782608695652173,0.34782608695652173,0.33,1.09,1.09,32.645652166666665,0
24,22024,1629632,0022401223,"DEC 16, 2024",CHI @ TOR,W,35,5,15,0.333,3,7,0.429,6,7,0.857,0,0,0,5,3,0,4,4,19,10,1,CHI,1610612741,TOR,1610612761,0,G,1,0,0,1,0,0,24.0,77,195,11,15,118.7,3,2,119.8,7,19,117.1,1,4,108.8,5.4,-2.5,33.766666666666666,32.63888888333334,16.7,18.1,18.1,6.0,6.041666666666667,6.041666666666667,17.0,14.291666666666666,14.291666666666666,0.353,0.423,0.423,3.0,3.25,3.25,10.666666666666666,8.916666666666666,8.916666666666666,0.281,0.364,0.364,1.6666666666666667,2.75,2.75,1.6666666666666667,3.125,3.125,1.0,0.88,0.88,0.3333333333333333,0.3333333333333333,0.3333333333333333,1.0,1.13,1.13,32.63888888333334,1
25,22024,1629632,0022400363,"DEC 19, 2024",CHI @ BOS,W,32,4,11,0.364,1,5,0.2,3,4,0.75,2,4,6,3,0,0,0,3,12,-3,1,CHI,1610612741,BOS,1610612738,0,G,1,0,0,1,0,0,24.0,77,195,12,15,118.9,3,2,118.6,21,5,109.8,4,1,119.4,3.4,-2.0,33.983333333333334,32.718666666666664,17.3,18.1,11.0,5.75,6.0,3.0,16.5,14.32,11.0,0.348,0.419,0.273,3.0,3.24,1.0,9.75,8.84,7.0,0.308,0.367,0.143,2.75,2.88,4.0,3.0,3.28,5.0,0.917,0.878,0.8,0.25,0.32,1.0,1.5,1.2,0.0,32.583333333333336,0
26,22024,1629632,0022400381,"DEC 21, 2024",CHI vs. BOS,L,25,5,14,0.357,2,8,0.25,2,2,1.0,0,0,0,1,1,0,3,4,14,-23,1,CHI,1610612741,BOS,1610612738,1,G,1,0,0,1,0,0,24.0,77,195,13,15,118.8,3,2,114.2,21,6,110.0,3,2,115.0,-2.6,-2.0384615384615383,33.64666666666667,32.702564100000004,16.2,17.9,11.5,5.4,5.923076923076923,3.5,15.4,14.192307692307692,11.0,0.351,0.417,0.318,2.6,3.1538461538461537,1.0,8.8,8.692307692307692,6.0,0.295,0.363,0.167,2.8,2.8846153846153846,3.5,3.2,3.3076923076923075,4.5,0.875,0.872,0.778,0.6,0.38461538461538464,1.5,1.2,1.15,0.0,32.44166666666667,0
27,22024,1629632,0022400398,"DEC 23, 2024",CHI vs. MIL,L,34,4,11,0.364,2,6,0.333,0,0,0.0,1,1,2,3,1,0,3,0,10,-13,1,CHI,1610612741,MIL,1610612749,1,G,1,0,0,1,0,0,24.0,77,195,13,16,118.1,3,2,109.2,15,12,111.9,4,1,111.0,-6.2,-2.814814814814815,32.333333333333336,32.43148146666667,15.2,17.7,24.5,5.0,5.888888888888889,9.0,14.4,14.185185185185185,17.5,0.347,0.415,0.514,2.2,3.111111111111111,4.5,8.0,8.666666666666666,10.5,0.275,0.359,0.429,3.0,2.8518518518518516,2.0,3.4,3.259259259259259,2.0,0.882,0.875,1.0,0.6,0.37037037037037035,0.0,1.2,1.15,2.0,33.108333333333334,0
28,22024,1629632,0022400413,"DEC 26, 2024",CHI @ ATL,L,34,8,13,0.615,5,8,0.625,2,2,1.0,0,3,3,9,1,0,3,3,23,-16,1,CHI,1610612741,ATL,1610612737,0,G,1,0,0,1,0,0,24.0,77,195,13,17,117.2,3,2,107.4,15,15,119.0,2,3,113.0,-9.0,-3.1785714285714284,31.773333333333333,32.48988095,14.6,17.5,19.0,4.8,5.821428571428571,6.0,13.2,14.071428571428571,15.0,0.364,0.414,0.4,2.0,3.0714285714285716,2.5,7.0,8.571428571428571,10.5,0.286,0.358,0.238,3.0,2.75,4.5,3.4,3.142857142857143,5.0,0.882,0.875,0.9,0.6,0.39285714285714285,0.5,1.4,1.14,2.5,35.13333333333333,1
29,22024,1629632,0022400430,"DEC 28, 2024",CHI vs. MIL,W,34,9,16,0.563,1,5,0.2,3,3,1.0,0,2,2,4,0,1,1,3,22,12,1,CHI,1610612741,MIL,1610612749,1,G,1,0,0,1,0,0,24.0,77,195,13,18,117.7,2,3,112.2,16,13,111.2,3,2,108.0,-8.6,-3.6206896551724137,32.153333333333336,32.555172400000004,15.6,17.7,19.7,5.2,5.896551724137931,7.333333333333333,12.8,14.03448275862069,15.333333333333334,0.406,0.42,0.478,2.6,3.1379310344827585,3.6666666666666665,6.8,8.551724137931034,9.0,0.382,0.367,0.407,2.6,2.7241379310344827,1.3333333333333333,3.0,3.103448275862069,1.3333333333333333,0.867,0.878,1.0,0.6,0.3793103448275862,0.3333333333333333,1.2,1.14,1.67,33.427777766666665,1
30,22024,1629632,0022400442,"DEC 30, 2024",CHI @ CHA,W,41,8,24,0.333,1,11,0.091,6,7,0.857,1,9,10,9,1,0,3,2,23,-3,1,CHI,1610612741,CHA,1610612766,0,G,1,0,0,1,0,0,24.0,77,195,14,18,117.6,2,3,111.0,7,24,112.8,0,5,103.4,-8.6,-3.1,32.06333333333333,32.60944443333333,16.2,17.8,18.0,6.0,6.0,6.0,13.0,14.1,15.0,0.462,0.426,0.4,2.2,3.066666666666667,2.0,6.4,8.433333333333334,9.0,0.344,0.364,0.222,2.0,2.7333333333333334,4.0,2.2,3.1,4.0,0.909,0.882,1.0,0.6,0.36666666666666664,0.0,0.6,1.1,2.0,32.483333333333334,1
31,22024,1629632,0022400456,"JAN 01, 2025",CHI @ WAS,L,31,5,11,0.455,2,6,0.333,5,5,1.0,0,2,2,6,1,0,4,3,17,-22,1,CHI,1610612741,WAS,1610612764,0,G,1,0,0,1,0,0,24.0,77,195,15,18,117.5,2,3,110.6,5,25,122.4,1,4,111.4,-8.4,-3.096774193548387,33.78333333333333,32.87688171666667,18.4,18.0,21.0,6.8,6.064516129032258,7.0,15.6,14.419354838709678,13.0,0.436,0.421,0.538,2.2,3.0,5.0,7.6,8.516129032258064,9.0,0.289,0.352,0.556,2.6,2.838709677419355,2.0,2.8,3.225806451612903,2.0,0.929,0.88,1.0,0.4,0.3870967741935484,0.0,0.8,1.1,1.0,31.1,0
32,22024,1629632,0022400482,"JAN 04, 2025",CHI vs. NYK,W,34,11,17,0.647,9,11,0.818,2,2,1.0,1,1,2,3,0,0,2,0,33,10,1,CHI,1610612741,NYK,1610612752,1,G,1,0,0,1,0,0,24.0,77,195,15,19,117.2,2,3,112.4,24,11,109.9,4,1,119.2,-3.8,-3.6875,34.906666666666666,32.81822916666667,19.0,17.9,22.0,6.8,6.03125,6.0,15.0,14.3125,16.0,0.453,0.421,0.375,2.2,2.96875,2.0,7.2,8.4375,9.0,0.306,0.352,0.222,3.2,2.90625,8.0,3.4,3.28125,8.0,0.941,0.886,1.0,0.4,0.375,0.0,0.8,1.09,1.0,35.56666666666667,1
33,22024,1629632,0022400498,"JAN 06, 2025",CHI vs. SAS,W,36,9,18,0.5,3,6,0.5,2,2,1.0,0,2,2,4,4,0,2,3,23,7,1,CHI,1610612741,SAS,1610612759,1,G,1,0,0,1,0,0,24.0,77,195,16,19,117.9,3,2,122.0,18,17,111.5,3,2,110.4,0.8,-3.272727272727273,34.79333333333334,32.83888888333333,23.6,18.4,18.4,8.2,6.181818181818182,6.181818181818182,16.2,14.393939393939394,14.393939393939394,0.506,0.429,0.429,3.6,3.1515151515151514,3.1515151515151514,8.2,8.515151515151516,8.515151515151516,0.439,0.37,0.37,3.6,2.878787878787879,2.878787878787879,3.8,3.242424242424242,3.242424242424242,0.947,0.888,0.888,0.4,0.3939393939393939,0.3939393939393939,0.6,1.06,1.06,32.83888888333333,1
34,22024,1629632,0022400510,"JAN 08, 2025",CHI @ IND,L,31,8,17,0.471,3,10,0.3,0,1,0.0,0,2,2,5,0,0,2,2,19,-13,1,CHI,1610612741,IND,1610612754,0,G,1,0,0,1,0,0,24.0,77,195,17,19,117.8,4,1,118.2,19,18,116.1,4,1,120.4,-4.2,-2.9705882352941178,35.14,32.93529411666667,23.6,18.5,19.0,8.4,6.264705882352941,7.0,17.2,14.5,19.0,0.488,0.432,0.368,3.2,3.1470588235294117,4.0,7.8,8.441176470588236,12.0,0.41,0.373,0.333,3.6,2.8529411764705883,1.0,3.8,3.2058823529411766,1.0,0.947,0.89,1.0,0.4,0.38235294117647056,0.0,1.2,1.15,1.0,31.95,1
35,22024,1629632,0022400530,"JAN 10, 2025",CHI vs. WAS,W,28,5,12,0.417,3,9,0.333,2,2,1.0,1,3,4,6,0,1,4,0,15,11,1,CHI,1610612741,WAS,1610612764,1,G,1,0,0,1,0,0,24.0,77,195,17,20,117.6,3,2,117.6,6,29,121.9,1,4,111.6,-1.4,-3.257142857142857,34.513333333333335,32.88142856666666,23.0,18.5,19.0,8.2,6.314285714285714,6.0,17.4,14.571428571428571,12.0,0.471,0.433,0.5,3.6,3.142857142857143,3.5,8.8,8.485714285714286,7.5,0.409,0.37,0.467,3.0,2.7714285714285714,3.5,3.4,3.142857142857143,3.5,0.882,0.882,1.0,0.4,0.37142857142857144,0.0,1.2,1.11,1.0,31.05,0
36,22024,1629632,0022400557,"JAN 14, 2025",CHI vs. NOP,L,34,8,17,0.471,1,8,0.125,5,5,1.0,0,3,3,4,0,0,0,3,22,-6,1,CHI,1610612741,NOP,1610612740,1,G,1,0,0,1,0,0,24.0,77,195,18,21,118.2,3,2,124.6,8,32,117.2,2,3,109.8,1.8,-2.861111111111111,32.145833333333336,32.74351851666667,22.5,18.4,10.0,8.25,6.277777777777778,4.0,16.0,14.5,13.0,0.516,0.433,0.308,4.5,3.138888888888889,0.0,9.0,8.5,5.0,0.5,0.369,0.0,1.5,2.75,2.0,1.75,3.111111111111111,2.0,0.857,0.884,1.0,0.5,0.3888888888888889,0.0,1.0,1.08,1.0,34.78333333333333,1
37,22024,1629632,0022400563,"JAN 15, 2025",CHI vs. ATL,L,33,5,14,0.357,1,7,0.143,5,5,1.0,0,2,2,6,1,1,3,2,16,-12,1,CHI,1610612741,ATL,1610612737,1,G,1,0,0,1,0,0,24.0,77,195,18,22,118.1,2,3,119.4,20,19,119.8,2,3,113.6,-2.6,-2.945945945945946,32.18333333333333,32.768018016666666,19.8,18.5,20.3,7.5,6.324324324324325,6.666666666666667,16.0,14.567567567567568,14.333333333333334,0.469,0.434,0.465,2.5,3.081081081081081,3.3333333333333335,8.25,8.486486486486486,9.666666666666666,0.303,0.363,0.345,2.25,2.810810810810811,3.6666666666666665,2.5,3.1621621621621623,4.0,0.9,0.889,0.917,0.25,0.3783783783783784,0.3333333333333333,1.0,1.05,2.0,34.88333333333333,0
38,22024,1629632,0022400584,"JAN 17, 2025",CHI vs. CHA,L,33,6,7,0.857,4,5,0.8,2,3,0.667,0,5,5,8,1,0,3,2,18,4,1,CHI,1610612741,CHA,1610612766,1,G,1,0,0,1,0,0,24.0,77,195,18,23,117.5,1,4,115.4,9,28,112.4,2,3,108.8,-3.2,-3.1842105263157894,31.2875,32.7618421,18.0,18.5,20.5,6.5,6.2894736842105265,7.0,15.0,14.552631578947368,19.5,0.433,0.432,0.359,2.0,3.026315789473684,1.5,8.5,8.447368421052632,10.0,0.235,0.358,0.15,3.0,2.8684210526315788,5.0,3.25,3.210526315789474,5.5,0.923,0.893,0.909,0.25,0.3684210526315789,0.5,0.25,1.05,1.5,36.69166666666667,0
39,22024,1629632,0022400597,"JAN 19, 2025",CHI @ POR,L,27,4,10,0.4,1,4,0.25,0,2,0.0,0,3,3,0,0,0,2,0,9,-8,1,CHI,1610612741,POR,1610612757,0,G,1,0,0,1,0,0,24.0,77,195,18,24,117.6,1,4,117.4,13,28,117.1,0,5,103.0,-2.2,-3.0,31.758333333333333,32.7662393,17.8,18.5,18.5,6.0,6.282051282051282,6.282051282051282,12.5,14.35897435897436,14.35897435897436,0.48,0.438,0.438,2.25,3.051282051282051,3.051282051282051,7.25,8.35897435897436,8.35897435897436,0.31,0.365,0.365,3.5,2.8461538461538463,2.8461538461538463,3.75,3.2051282051282053,3.2051282051282053,0.933,0.888,0.888,0.25,0.358974358974359,0.358974358974359,0.5,1.05,1.05,32.7662393,0
