,Unnamed: 0.8,Unnamed: 0.7,Unnamed: 0.6,Unnamed: 0.5,Unnamed: 0.4,Unnamed: 0.3,Unnamed: 0.2,Unnamed: 0.1,Unnamed: 0,SEASON_ID,Player_ID,Game_ID,GAME_DATE,MATCHUP,WL,MIN,FGM,FGA,FG_PCT,FG3M,FG3A,FG3_PCT,FTM,FTA,FT_PCT,OREB,DREB,REB,AST,STL,BLK,TOV,PF,PTS,PLUS_MINUS,VIDEO_AVAILABLE,TEAM_ABBREVIATION,TEAM_ID,OPP_TEAM,OPP_TEAMID,Home_Away,POSITION,Primary_Guard,Primary_Forward,Primary_Center,Is_Guard,Is_Forward,Is_Center,AGE,HEIGHT,WEIGHT,TEAM_W,TEAM_L,PPG,L5_W,L5_L,L5_PPG,OPP_TEAM_W,OPP_TEAM_L,OPP_PPG_ALLOWED,OPP_L5_W,OPP_L5_L,OPP_L5_PPG,MA_PLUS_MINUS,AVG_PLUS_MINUS,MA_PTS,AVG_PTS,VS_PTS,MA_FGM,AVG_FGM,VS_FGM,MA_FGA,AVG_FGA,VS_FGA,MA_FG_PCT,AVG_FG_PCT,VS_FG_PCT,MA_FG3M,AVG_FG3M,VS_FG3M,MA_FG3A,AVG_FG3A,VS_FG3A,MA_FG3_PCT,AVG_FG3_PCT,VS_FG3_PCT,MA_FTM,AVG_FTM,VS_FTM,MA_FTA,AVG_FTA,VS_FTA,MA_FT_PCT,AVG_FT_PCT,VS_FT_PCT,MA_OREB,AVG_OREB,VS_OREB,MA_STL,AVG_STL,VS_STL,MA_MIN,AVG_MIN,VS_MIN,target
0,0.0,0.0,0.0,0.0,0.0,0.0,0.0,0.0,0.0,22024,1628370,22400076,"OCT 24, 2024",SAC vs. MIN,L,26,6,9,0.667,1,2,0.5,4,5,0.8,0,1,1,4,0,0,0,1,17,-7,1,SAC,1610612758,MIN,1610612750,1,G,1,0,0,1,0,0,26.0,75,200,0,0,0.0,0,5,0.0,0,1,110.0,0,5,103.0,-7.0,-7.0,,17.0,,,6.0,,,9.0,,,0.667,,,1.0,,,2.0,,,0.5,,,4.0,,,5.0,,,0.8,,,0.0,,,0.0,,,26.0,,0
1,1.0,1.0,1.0,1.0,1.0,1.0,1.0,1.0,1.0,22024,1628370,22400096,"OCT 26, 2024",SAC @ LAL,L,28,6,14,0.429,2,7,0.286,0,0,0.0,0,3,3,5,1,0,0,3,14,20,1,SAC,1610612758,LAL,1610612747,0,G,1,0,0,1,0,0,26.0,75,200,0,1,115.0,0,5,115.0,2,0,109.5,2,3,116.5,6.5,-7.0,17.0,17.0,17.0,6.0,6.0,6.0,9.0,9.0,9.0,0.667,0.667,0.667,1.0,1.0,1.0,2.0,2.0,2.0,0.5,0.5,0.5,4.0,4.0,4.0,5.0,5.0,5.0,0.8,0.8,0.8,0.0,0.0,0.0,0.0,0.0,0.0,26.4,26.4,26.4,0
2,2.0,2.0,2.0,2.0,2.0,2.0,2.0,2.0,2.0,22024,1628370,22400112,"OCT 28, 2024",SAC vs. POR,W,19,3,6,0.5,3,5,0.6,3,3,1.0,0,4,4,0,1,1,1,2,12,-2,1,SAC,1610612758,POR,1610612757,1,G,1,0,0,1,0,0,26.0,75,200,0,2,121.0,0,5,121.0,1,2,116.0,1,4,110.7,3.6666666666666665,6.5,15.5,15.5,15.5,6.0,6.0,6.0,11.5,11.5,11.5,0.522,0.522,0.522,1.5,1.5,1.5,4.5,4.5,4.5,0.333,0.333,0.333,2.0,2.0,2.0,2.5,2.5,2.5,0.8,0.8,0.8,0.0,0.0,0.0,0.5,0.5,0.5,27.116666666666667,27.116666666666667,27.116666666666667,0
3,3.0,3.0,3.0,3.0,3.0,3.0,3.0,3.0,3.0,22024,1628370,22400115,"OCT 29, 2024",SAC @ UTA,W,26,2,11,0.182,2,8,0.25,1,2,0.5,0,4,4,3,0,1,1,1,7,8,1,SAC,1610612758,UTA,1610612762,0,G,1,0,0,1,0,0,26.0,75,200,1,2,117.7,1,4,117.7,0,3,121.0,0,5,104.0,4.75,3.6666666666666665,14.3,14.3,14.3,5.0,5.0,5.0,9.666666666666666,9.666666666666666,9.666666666666666,0.517,0.517,0.517,2.0,2.0,2.0,4.666666666666667,4.666666666666667,4.666666666666667,0.429,0.429,0.429,2.333333333333333,2.333333333333333,2.333333333333333,2.6666666666666665,2.6666666666666665,2.6666666666666665,0.875,0.875,0.875,0.0,0.0,0.0,0.67,0.67,0.67,24.25,24.25,24.25,0
4,4.0,4.0,4.0,4.0,4.0,4.0,4.0,4.0,4.0,22024,1628370,22400135,"NOV 01, 2024",SAC @ ATL,W,29,3,9,0.333,0,3,0.0,3,4,0.75,0,4,4,6,0,0,1,0,9,4,1,SAC,1610612758,ATL,1610612737,0,G,1,0,0,1,0,0,26.0,75,200,2,2,116.5,2,3,116.5,2,3,123.6,2,3,117.6,4.6,4.75,12.5,12.5,12.5,4.25,4.25,4.25,10.0,10.0,10.0,0.425,0.425,0.425,2.0,2.0,2.0,5.5,5.5,5.5,0.364,0.364,0.364,2.0,2.0,2.0,2.5,2.5,2.5,0.8,0.8,0.8,0.0,0.0,0.0,0.5,0.5,0.5,24.695833333333333,24.695833333333333,24.695833333333333,0
5,5.0,5.0,5.0,5.0,5.0,5.0,5.0,5.0,5.0,22024,1628370,22400143,"NOV 02, 2024",SAC @ TOR,L,38,9,16,0.563,3,7,0.429,0,0,0.0,0,4,4,4,2,0,1,3,21,3,1,SAC,1610612758,TOR,1610612761,0,G,1,0,0,1,0,0,26.0,75,200,3,2,117.8,3,2,117.8,1,5,125.2,1,4,119.8,6.6,4.6,11.8,11.8,11.8,4.0,4.0,4.0,9.8,9.8,9.8,0.408,0.408,0.408,1.6,1.6,1.6,5.0,5.0,5.0,0.32,0.32,0.32,2.2,2.2,2.2,2.8,2.8,2.8,0.786,0.786,0.786,0.0,0.0,0.0,0.4,0.4,0.4,25.53333333333333,25.53333333333333,25.53333333333333,1
6,6.0,6.0,6.0,6.0,6.0,6.0,6.0,6.0,6.0,22024,1628370,22400159,"NOV 04, 2024",SAC @ MIA,W,24,6,11,0.545,0,3,0.0,0,0,0.0,0,1,1,0,0,0,1,4,12,-4,1,SAC,1610612758,MIA,1610612748,0,G,1,0,0,1,0,0,26.0,75,200,3,3,119.5,3,2,120.4,3,2,106.8,3,2,108.4,1.8,4.333333333333333,12.6,13.3,13.3,4.6,4.833333333333333,4.833333333333333,11.2,10.833333333333334,10.833333333333334,0.411,0.446,0.446,2.0,1.8333333333333333,1.8333333333333333,6.0,5.333333333333333,5.333333333333333,0.333,0.344,0.344,1.4,1.8333333333333333,1.8333333333333333,1.8,2.333333333333333,2.333333333333333,0.778,0.786,0.786,0.0,0.0,0.0,0.8,0.67,0.67,27.92333333333333,27.66944443333333,27.66944443333333,0
7,7.0,7.0,7.0,7.0,7.0,7.0,7.0,7.0,7.0,22024,1628370,22400180,"NOV 06, 2024",SAC vs. TOR,W,21,4,12,0.333,1,4,0.25,4,5,0.8,0,5,5,1,2,0,1,1,13,5,1,SAC,1610612758,TOR,1610612761,1,G,1,0,0,1,0,0,26.0,75,200,4,3,118.3,4,1,117.2,2,6,125.0,1,4,126.6,3.2,3.142857142857143,12.2,13.1,21.0,4.6,5.0,9.0,10.6,10.857142857142858,16.0,0.434,0.461,0.563,1.6,1.5714285714285714,3.0,5.2,5.0,7.0,0.308,0.314,0.429,1.4,1.5714285714285714,0.0,1.8,2.0,0.0,0.778,0.786,0.0,0.0,0.0,0.0,0.6,0.57,2.0,27.223333333333333,27.192857133333334,38.35,0
8,8.0,8.0,8.0,8.0,8.0,8.0,8.0,8.0,8.0,22024,1628370,22400196,"NOV 08, 2024",SAC vs. LAC,L,31,6,13,0.462,0,3,0.0,5,5,1.0,0,1,1,3,2,2,1,2,17,1,1,SAC,1610612758,LAC,1610612746,1,G,1,0,0,1,0,0,26.0,75,200,5,3,118.8,4,1,119.4,4,4,107.8,2,3,107.8,1.8,3.375,12.4,13.1,13.1,4.8,4.875,4.875,11.8,11.0,11.0,0.407,0.443,0.443,1.2,1.5,1.5,5.0,4.875,4.875,0.24,0.308,0.308,1.6,1.875,1.875,2.2,2.375,2.375,0.727,0.789,0.789,0.0,0.0,0.0,0.8,0.75,0.75,27.76333333333333,26.445833333333333,26.445833333333333,1
9,9.0,9.0,9.0,9.0,9.0,9.0,9.0,9.0,9.0,22024,1628370,22400209,"NOV 10, 2024",SAC @ PHX,W,8,1,3,0.333,0,1,0.0,2,2,1.0,0,3,3,2,1,0,1,1,4,4,1,SAC,1610612758,PHX,1610612756,0,G,1,0,0,1,0,0,26.0,75,200,5,4,116.4,3,2,116.4,8,1,111.1,5,0,115.0,1.8,3.111111111111111,14.4,13.6,13.6,5.6,5.0,5.0,12.2,11.22222222222222,11.22222222222222,0.459,0.446,0.446,0.8,1.3333333333333333,1.3333333333333333,4.0,4.666666666666667,4.666666666666667,0.2,0.286,0.286,2.4,2.2222222222222223,2.2222222222222223,2.8,2.6666666666666665,2.6666666666666665,0.857,0.833,0.833,0.0,0.0,0.0,1.2,0.89,0.89,28.79,26.970370366666668,26.970370366666668,0
10,10.0,10.0,10.0,10.0,10.0,10.0,10.0,10.0,10.0,22024,1628370,22400285,"NOV 25, 2024",SAC vs. OKC,L,26,4,12,0.333,2,7,0.286,4,6,0.667,0,1,1,3,1,1,1,5,14,-19,1,SAC,1610612758,OKC,1610612760,1,G,1,0,0,1,0,0,26.0,75,200,8,9,114.4,1,4,109.2,12,4,103.6,3,2,107.4,-2.6,3.2,12.6,12.6,12.6,4.6,4.6,4.6,10.4,10.4,10.4,0.442,0.442,0.442,1.2,1.2,1.2,4.3,4.3,4.3,0.279,0.279,0.279,2.2,2.2,2.2,2.6,2.6,2.6,0.846,0.846,0.846,0.0,0.0,0.0,0.9,0.9,0.9,25.023333333333333,25.023333333333333,25.023333333333333,1
11,11.0,11.0,11.0,11.0,11.0,11.0,11.0,11.0,11.0,22024,1628370,22400294,"NOV 27, 2024",SAC @ MIN,W,35,11,16,0.688,3,5,0.6,2,3,0.667,1,7,8,9,1,0,2,4,27,14,1,SAC,1610612758,MIN,1610612750,0,G,1,0,0,1,0,0,26.0,75,200,8,10,114.1,1,4,105.8,8,9,111.1,2,3,114.2,1.0,1.181818181818182,14.0,12.7,17.0,4.0,4.545454545454546,6.0,12.0,10.545454545454543,9.0,0.333,0.431,0.667,2.0,1.2727272727272727,1.0,7.0,4.545454545454546,2.0,0.286,0.28,0.5,4.0,2.363636363636364,4.0,6.0,2.909090909090909,5.0,0.667,0.813,0.8,0.0,0.0,0.0,1.0,0.91,0.0,26.0,25.1121212,26.4,1
12,12.0,12.0,12.0,12.0,12.0,12.0,12.0,12.0,12.0,22024,1628370,22400049,"NOV 29, 2024",SAC @ POR,L,36,10,21,0.476,8,15,0.533,1,1,1.0,0,3,3,9,0,2,5,1,29,-3,1,SAC,1610612758,POR,1610612757,0,G,1,0,0,1,0,0,26.0,75,200,9,10,114.1,1,4,104.6,7,12,114.0,1,4,100.6,-0.6,2.25,20.5,13.9,12.0,7.5,5.083333333333333,3.0,14.0,11.0,6.0,0.536,0.462,0.5,2.5,1.4166666666666667,3.0,6.0,4.583333333333333,5.0,0.417,0.309,0.6,3.0,2.333333333333333,3.0,4.5,2.9166666666666665,3.0,0.667,0.8,1.0,0.5,0.0833333333333333,0.0,1.0,0.92,1.0,30.33333333333333,25.90833333333333,18.516666666666666,1
13,13.0,13.0,13.0,13.0,13.0,13.0,13.0,13.0,13.0,22024,1628370,22400313,"DEC 01, 2024",SAC vs. SAS,L,37,7,14,0.5,5,10,0.5,0,0,0.0,0,7,7,6,1,1,2,3,19,0,1,SAC,1610612758,SAS,1610612759,1,G,1,0,0,1,0,0,26.0,75,200,9,11,113.7,1,4,104.2,10,9,110.0,4,1,113.8,-0.8,1.8461538461538465,23.3,15.1,15.1,8.333333333333334,5.461538461538462,5.461538461538462,16.333333333333332,11.76923076923077,11.76923076923077,0.51,0.464,0.464,4.333333333333333,1.9230769230769231,1.9230769230769231,9.0,5.384615384615385,5.384615384615385,0.481,0.357,0.357,2.333333333333333,2.230769230769231,2.230769230769231,3.333333333333333,2.769230769230769,2.769230769230769,0.7,0.806,0.806,0.3333333333333333,0.0769230769230769,0.0769230769230769,0.67,0.85,0.85,32.2611111,26.693589733333333,26.693589733333333,1
14,14.0,14.0,14.0,14.0,14.0,14.0,14.0,14.0,14.0,22024,1628370,22400059,"DEC 03, 2024",SAC vs. HOU,W,35,5,10,0.5,4,8,0.5,3,3,1.0,0,2,2,12,1,0,0,3,17,21,1,SAC,1610612758,HOU,1610612745,1,G,1,0,0,1,0,0,26.0,75,200,9,12,114.2,1,4,111.6,15,6,106.3,4,1,114.4,2.6,1.7142857142857142,22.3,15.4,15.4,8.0,5.571428571428571,5.571428571428571,15.75,11.928571428571429,11.928571428571429,0.508,0.467,0.467,4.5,2.142857142857143,2.142857142857143,9.25,5.714285714285714,5.714285714285714,0.486,0.375,0.375,1.75,2.071428571428572,2.071428571428572,2.5,2.571428571428572,2.571428571428572,0.7,0.806,0.806,0.25,0.0714285714285714,0.0714285714285714,0.75,0.86,0.86,33.3875,27.413095233333333,27.413095233333333,1
15,15.0,15.0,15.0,15.0,15.0,15.0,15.0,15.0,15.0,22024,1628370,22400329,"DEC 05, 2024",SAC @ MEM,L,32,7,16,0.438,4,9,0.444,5,5,1.0,0,1,1,5,0,0,0,4,23,-2,1,SAC,1610612758,MEM,1610612763,0,G,1,0,0,1,0,0,26.0,75,200,10,12,114.5,2,3,115.0,14,8,113.3,4,1,125.2,6.0,3.0,21.2,15.5,15.5,7.4,5.533333333333333,5.533333333333333,14.6,11.8,11.8,0.507,0.469,0.469,4.4,2.2666666666666666,2.2666666666666666,9.0,5.866666666666666,5.866666666666666,0.489,0.386,0.386,2.0,2.1333333333333333,2.1333333333333333,2.6,2.6,2.6,0.769,0.821,0.821,0.2,0.0666666666666666,0.0666666666666666,0.8,0.87,0.87,33.67666666666667,27.907777766666666,27.907777766666666,1
16,16.0,16.0,16.0,16.0,16.0,16.0,16.0,16.0,16.0,22024,1628370,22400337,"DEC 06, 2024",SAC @ SAS,W,34,7,15,0.467,3,8,0.375,5,5,1.0,2,7,9,6,0,0,3,2,22,5,1,SAC,1610612758,SAS,1610612759,0,G,1,0,0,1,0,0,26.0,75,200,10,13,114.3,2,3,115.2,11,11,111.7,2,3,114.6,4.2,2.6875,23.0,15.9,19.0,8.0,5.625,7.0,15.4,12.0625,14.0,0.519,0.466,0.5,4.8,2.375,5.0,9.4,6.0625,10.0,0.511,0.392,0.5,2.2,2.3125,0.0,2.4,2.75,0.0,0.917,0.841,0.0,0.2,0.0625,0.0,0.6,0.81,1.0,34.82333333333333,28.146875,36.766666666666666,1
17,17.0,17.0,17.0,17.0,17.0,17.0,17.0,17.0,17.0,22024,1628370,22400357,"DEC 08, 2024",SAC vs. UTA,W,27,7,15,0.467,2,7,0.286,0,1,0.0,1,1,2,3,1,0,1,0,16,13,1,SAC,1610612758,UTA,1610612762,1,G,1,0,0,1,0,0,26.0,75,200,11,13,115.4,2,3,120.2,5,17,117.7,1,4,109.6,7.4,2.823529411764706,22.0,16.3,7.0,7.2,5.705882352941177,2.0,15.2,12.235294117647058,11.0,0.474,0.466,0.182,4.8,2.411764705882353,2.0,10.0,6.176470588235294,8.0,0.48,0.39,0.25,2.8,2.4705882352941178,1.0,2.8,2.8823529411764706,2.0,1.0,0.857,0.5,0.4,0.1764705882352941,0.0,0.4,0.76,0.0,34.68666666666667,28.490196066666662,26.03333333333333,0
18,18.0,18.0,18.0,18.0,18.0,18.0,18.0,18.0,18.0,22024,1628370,22401207,"DEC 12, 2024",SAC @ NOP,W,34,2,11,0.182,1,5,0.2,0,0,0.0,0,3,3,9,1,1,2,2,5,6,1,SAC,1610612758,NOP,1610612740,0,G,1,0,0,1,0,0,26.0,75,200,12,13,116.4,3,2,127.2,5,20,116.7,1,4,109.6,8.6,3.388888888888889,19.4,16.3,16.3,6.6,5.777777777777778,5.777777777777778,14.0,12.38888888888889,12.38888888888889,0.471,0.466,0.466,3.6,2.388888888888889,2.388888888888889,8.4,6.222222222222222,6.222222222222222,0.429,0.384,0.384,2.6,2.333333333333333,2.333333333333333,2.8,2.7777777777777777,2.7777777777777777,0.929,0.84,0.84,0.6,0.2222222222222222,0.2222222222222222,0.6,0.78,0.78,32.8,28.3898148,28.3898148,0
19,19.0,19.0,19.0,19.0,19.0,19.0,19.0,19.0,19.0,22024,1628370,22401225,"DEC 16, 2024",SAC vs. DEN,L,34,9,19,0.474,4,10,0.4,3,3,1.0,0,6,6,10,1,3,3,4,25,-6,1,SAC,1610612758,DEN,1610612743,1,G,1,0,0,1,0,0,26.0,75,200,13,13,116.2,4,1,124.4,13,10,116.0,3,2,121.4,3.2,3.526315789473684,16.6,15.7,15.7,5.6,5.578947368421052,5.578947368421052,13.4,12.31578947368421,12.31578947368421,0.418,0.453,0.453,2.8,2.3157894736842106,2.3157894736842106,7.4,6.157894736842105,6.157894736842105,0.378,0.376,0.376,2.6,2.210526315789474,2.210526315789474,2.8,2.631578947368421,2.631578947368421,0.929,0.84,0.84,0.6,0.2105263157894736,0.2105263157894736,0.6,0.79,0.79,32.303333333333335,28.7,28.7,1
20,20.0,20.0,20.0,20.0,20.0,20.0,20.0,20.0,20.0,22024,1628370,22400372,"DEC 19, 2024",SAC vs. LAL,L,37,7,15,0.467,3,10,0.3,0,0,0.0,0,3,3,4,1,0,5,3,17,-18,1,SAC,1610612758,LAL,1610612747,1,G,1,0,0,1,0,0,26.0,75,200,13,14,116.7,3,2,126.2,14,12,114.8,2,3,107.0,0.0,3.05,18.2,16.2,14.0,6.4,5.75,6.0,15.2,12.65,14.0,0.421,0.455,0.429,2.8,2.4,2.0,7.8,6.35,7.0,0.359,0.378,0.286,2.6,2.25,0.0,2.8,2.65,0.0,0.929,0.849,0.0,0.6,0.2,0.0,0.6,0.8,1.0,32.163333333333334,28.971666666666668,27.83333333333333,1
21,21.0,21.0,21.0,21.0,21.0,21.0,21.0,21.0,21.0,22024,1628370,22400376,"DEC 21, 2024",SAC vs. LAL,L,36,3,14,0.214,1,8,0.125,0,0,0.0,0,4,4,8,1,1,5,4,7,5,1,SAC,1610612758,LAL,1610612747,1,G,1,0,0,1,0,0,26.0,75,200,13,15,116.1,3,2,124.2,15,12,114.3,3,2,111.0,0.0,2.0476190476190474,17.0,16.2,15.5,6.4,5.809523809523809,6.5,15.0,12.761904761904765,14.5,0.427,0.455,0.448,2.6,2.4285714285714284,2.5,8.0,6.523809523809524,8.5,0.325,0.372,0.294,1.6,2.142857142857143,0.0,1.8,2.523809523809524,0.0,0.889,0.849,0.0,0.6,0.1904761904761904,0.0,0.8,0.81,1.0,33.21,29.35238095,32.4,0
22,22.0,22.0,22.0,22.0,22.0,22.0,22.0,22.0,22.0,22024,1628370,22400389,"DEC 22, 2024",SAC vs. IND,L,32,6,16,0.375,2,9,0.222,0,0,0.0,0,4,4,1,0,2,4,1,14,-19,1,SAC,1610612758,IND,1610612754,1,G,1,0,0,1,0,0,26.0,75,200,13,16,115.5,2,3,116.0,13,15,117.0,4,1,120.2,-6.4,2.1818181818181817,14.0,15.8,15.8,5.6,5.681818181818182,5.681818181818182,14.8,12.818181818181818,12.818181818181818,0.378,0.443,0.443,2.2,2.363636363636364,2.363636363636364,8.0,6.590909090909091,6.590909090909091,0.275,0.359,0.359,0.6,2.0454545454545454,2.0454545454545454,0.8,2.409090909090909,2.409090909090909,0.75,0.849,0.849,0.2,0.1818181818181818,0.1818181818181818,1.0,0.82,0.82,33.56666666666667,29.643939383333333,29.643939383333333,0
23,23.0,23.0,23.0,23.0,23.0,23.0,23.0,23.0,23.0,22024,1628370,22400418,"DEC 26, 2024",SAC vs. DET,L,30,5,11,0.455,3,7,0.429,2,2,1.0,0,1,1,0,1,0,2,2,15,3,1,SAC,1610612758,DET,1610612765,1,G,1,0,0,1,0,0,26.0,75,200,13,17,114.8,1,4,106.8,13,17,114.6,3,2,118.6,-7.0,1.2608695652173914,13.6,15.7,15.7,5.4,5.695652173913044,5.695652173913044,15.0,12.956521739130435,12.956521739130435,0.36,0.44,0.44,2.2,2.347826086956522,2.347826086956522,8.4,6.695652173913044,6.695652173913044,0.262,0.351,0.351,0.6,1.9565217391304348,1.9565217391304348,0.6,2.3043478260869565,2.3043478260869565,1.0,0.849,0.849,0.0,0.1739130434782608,0.1739130434782608,0.8,0.78,0.78,34.56333333333333,29.73188405,29.73188405,0
24,24.0,24.0,24.0,24.0,24.0,24.0,24.0,24.0,24.0,22024,1628370,22400435,"DEC 28, 2024",SAC @ LAL,L,33,7,16,0.438,3,8,0.375,3,3,1.0,1,5,6,7,0,0,1,3,20,-12,1,SAC,1610612758,LAL,1610612747,0,G,1,0,0,1,0,0,26.0,75,200,13,18,114.7,0,5,107.2,17,13,113.8,4,1,112.2,-8.2,1.3333333333333333,15.6,15.7,12.7,6.0,5.666666666666667,5.333333333333333,15.0,12.875,14.333333333333334,0.4,0.44,0.372,2.6,2.375,2.0,8.8,6.708333333333333,8.333333333333334,0.295,0.354,0.24,1.0,1.9583333333333333,0.0,1.0,2.2916666666666665,0.0,1.0,0.855,0.0,0.0,0.1666666666666666,0.0,0.8,0.79,1.0,33.63333333333333,29.727777766666662,33.52222221666667,1
25,25.0,25.0,25.0,25.0,25.0,25.0,25.0,25.0,25.0,22024,1628370,22400448,"DEC 30, 2024",SAC vs. DAL,W,36,4,14,0.286,1,6,0.167,5,6,0.833,2,5,7,6,1,0,6,4,14,7,1,SAC,1610612758,DAL,1610612742,1,G,1,0,0,1,0,0,26.0,75,200,13,19,115.0,0,5,105.8,20,12,111.5,3,2,112.8,-3.2,0.8,14.6,15.8,15.8,5.6,5.72,5.72,14.4,13.0,13.0,0.389,0.44,0.44,2.4,2.4,2.4,8.4,6.76,6.76,0.286,0.355,0.355,1.0,2.0,2.0,1.0,2.32,2.32,1.0,0.862,0.862,0.2,0.2,0.2,0.6,0.76,0.76,33.406666666666666,29.858666666666668,29.858666666666668,0
26,26.0,26.0,26.0,26.0,26.0,26.0,26.0,26.0,26.0,22024,1628370,22400462,"JAN 01, 2025",SAC vs. PHI,W,32,5,12,0.417,0,5,0.0,10,10,1.0,0,2,2,6,1,0,2,3,20,15,1,SAC,1610612758,PHI,1610612755,1,G,1,0,0,1,0,0,26.0,75,200,14,19,114.8,1,4,107.8,13,17,110.3,4,1,113.4,-1.2,1.0384615384615383,14.0,15.8,15.8,5.0,5.653846153846154,5.653846153846154,14.2,13.038461538461538,13.038461538461538,0.352,0.434,0.434,2.0,2.3461538461538463,2.3461538461538463,7.6,6.730769230769231,6.730769230769231,0.263,0.349,0.349,2.0,2.1153846153846154,2.1153846153846154,2.2,2.4615384615384617,2.4615384615384617,0.909,0.859,0.859,0.6,0.2692307692307692,0.2692307692307692,0.6,0.77,0.77,33.13666666666666,30.0801282,30.0801282,1
27,27.0,27.0,27.0,27.0,27.0,27.0,27.0,27.0,27.0,22024,1628370,22400476,"JAN 03, 2025",SAC vs. MEM,W,33,11,20,0.55,6,12,0.5,3,3,1.0,0,2,2,6,1,0,2,2,31,4,1,SAC,1610612758,MEM,1610612763,1,G,1,0,0,1,0,0,26.0,75,200,15,19,114.8,2,3,110.6,23,11,114.1,3,2,124.0,3.4,1.5555555555555556,16.6,15.9,23.0,5.4,5.62962962962963,7.0,13.8,13.0,16.0,0.391,0.433,0.438,1.8,2.259259259259259,4.0,7.0,6.666666666666667,9.0,0.257,0.339,0.444,4.0,2.4074074074074074,5.0,4.2,2.740740740740741,5.0,0.952,0.878,1.0,0.6,0.2592592592592592,0.0,0.6,0.78,0.0,32.42666666666667,30.15925925,31.73333333333333,1
28,28.0,28.0,28.0,28.0,28.0,28.0,28.0,28.0,28.0,22024,1628370,22400492,"JAN 05, 2025",SAC @ GSW,W,29,9,14,0.643,5,8,0.625,3,3,1.0,0,3,3,12,4,1,4,3,26,41,1,SAC,1610612758,GSW,1610612744,0,G,1,0,0,1,0,0,26.0,75,200,16,19,115.4,3,2,119.2,18,16,110.5,3,2,111.2,11.0,1.6428571428571428,20.0,16.5,16.5,6.4,5.821428571428571,5.821428571428571,14.6,13.25,13.25,0.438,0.439,0.439,2.6,2.392857142857143,2.392857142857143,7.6,6.857142857142857,6.857142857142857,0.342,0.349,0.349,4.6,2.4285714285714284,2.4285714285714284,4.8,2.75,2.75,0.958,0.883,0.883,0.6,0.25,0.25,0.8,0.79,0.79,32.763333333333335,30.27321428333333,30.27321428333333,1
29,29.0,29.0,29.0,29.0,29.0,29.0,29.0,29.0,29.0,22024,1628370,22400501,"JAN 06, 2025",SAC vs. MIA,W,49,8,25,0.32,1,9,0.111,6,7,0.857,2,3,5,6,2,0,1,3,23,7,1,SAC,1610612758,MIA,1610612748,1,G,1,0,0,1,0,0,26.0,75,200,17,19,115.8,4,1,122.4,17,16,110.1,2,3,109.6,14.8,3.0,22.2,16.8,12.0,7.2,5.931034482758621,6.0,15.2,13.275862068965518,11.0,0.474,0.447,0.545,3.0,2.4827586206896552,0.0,7.8,6.896551724137931,3.0,0.385,0.36,0.0,4.8,2.4482758620689653,0.0,5.0,2.7586206896551726,0.0,0.96,0.888,0.0,0.6,0.2413793103448276,0.0,1.4,0.9,0.0,32.67666666666667,30.23620688333333,24.33333333333333,1
30,30.0,30.0,30.0,30.0,30.0,30.0,30.0,30.0,30.0,22024,1628370,22400528,"JAN 10, 2025",SAC @ BOS,W,37,9,24,0.375,3,11,0.273,1,1,1.0,1,2,3,8,1,1,1,4,22,18,1,SAC,1610612758,BOS,1610612738,0,G,1,0,0,1,0,0,26.0,75,200,18,19,116.0,5,0,122.6,27,10,108.3,4,1,112.4,17.0,3.1333333333333333,22.8,17.0,17.0,7.4,6.0,6.0,17.0,13.666666666666666,13.666666666666666,0.435,0.439,0.439,2.6,2.433333333333333,2.433333333333333,8.0,6.966666666666667,6.966666666666667,0.325,0.349,0.349,5.4,2.566666666666667,2.566666666666667,5.8,2.9,2.9,0.931,0.885,0.885,0.8,0.3,0.3,1.8,0.93,0.93,35.78,30.84555555,30.84555555,1
31,31.0,31.0,31.0,31.0,31.0,31.0,31.0,31.0,31.0,22024,1628370,22400541,"JAN 12, 2025",SAC @ CHI,W,37,7,17,0.412,1,7,0.143,3,3,1.0,1,7,8,9,2,0,2,2,18,-4,1,SAC,1610612758,CHI,1610612741,0,G,1,0,0,1,0,0,26.0,75,200,19,19,115.9,5,0,123.4,18,20,120.8,3,2,122.2,13.2,3.612903225806452,24.4,17.2,17.2,8.4,6.096774193548387,6.096774193548387,19.0,14.0,14.0,0.442,0.435,0.435,3.0,2.4516129032258065,2.4516129032258065,9.0,7.096774193548387,7.096774193548387,0.333,0.345,0.345,4.6,2.5161290322580645,2.5161290322580645,4.8,2.838709677419355,2.838709677419355,0.958,0.886,0.886,0.6,0.3225806451612903,0.3225806451612903,1.8,0.94,0.94,35.983333333333334,31.03225805,31.03225805,1
32,32.0,32.0,32.0,32.0,32.0,32.0,32.0,32.0,32.0,22024,1628370,22400576,"JAN 16, 2025",SAC vs. HOU,W,37,10,19,0.526,2,6,0.333,4,5,0.8,1,2,3,9,1,0,2,2,26,8,1,SAC,1610612758,HOU,1610612745,1,G,1,0,0,1,0,0,26.0,75,200,20,20,116.1,4,1,121.0,27,12,107.4,5,0,124.2,14.0,3.375,22.3,17.2,17.0,8.25,6.125,5.0,20.0,14.09375,10.0,0.413,0.435,0.5,2.5,2.40625,4.0,8.75,7.09375,8.0,0.286,0.339,0.5,3.25,2.53125,3.0,3.5,2.84375,3.0,0.929,0.89,1.0,1.0,0.34375,0.0,2.25,0.97,1.0,37.86666666666667,31.222395833333334,34.833333333333336,1
33,33.0,33.0,33.0,33.0,33.0,33.0,33.0,33.0,33.0,22024,1628370,22400598,"JAN 19, 2025",SAC vs. WAS,W,30,8,15,0.533,3,6,0.5,4,4,1.0,0,1,1,4,1,1,0,3,23,13,1,SAC,1610612758,WAS,1610612764,1,G,1,0,0,1,0,0,26.0,75,200,21,20,116.5,4,1,121.6,6,34,122.8,0,5,108.6,8.4,3.515151515151515,22.3,17.5,17.5,8.5,6.242424242424242,6.242424242424242,21.25,14.242424242424242,14.242424242424242,0.4,0.438,0.438,1.75,2.393939393939394,2.393939393939394,8.25,7.0606060606060606,7.0606060606060606,0.212,0.339,0.339,3.5,2.575757575757576,2.575757575757576,4.0,2.909090909090909,2.909090909090909,0.875,0.885,0.885,1.25,0.3636363636363636,0.3636363636363636,1.5,0.97,0.97,39.90416666666667,31.4080808,31.4080808,1
34,34.0,34.0,34.0,34.0,34.0,34.0,34.0,34.0,34.0,22024,1628370,22400619,"JAN 22, 2025",SAC vs. GSW,W,38,7,15,0.467,2,7,0.286,4,4,1.0,1,3,4,9,3,1,3,2,20,-8,1,SAC,1610612758,GSW,1610612744,1,G,1,0,0,1,0,0,26.0,75,200,22,20,116.7,4,1,121.6,21,21,111.2,2,3,104.0,5.4,3.794117647058824,22.3,17.6,26.0,8.5,6.294117647058823,9.0,18.75,14.264705882352942,14.0,0.453,0.441,0.643,2.25,2.411764705882353,5.0,7.5,7.029411764705882,8.0,0.3,0.343,0.625,3.0,2.617647058823529,3.0,3.25,2.9411764705882355,3.0,0.923,0.89,1.0,0.75,0.3529411764705882,0.0,1.25,0.97,4.0,35.37916666666667,31.378921566666666,29.2,1
35,35.0,35.0,35.0,35.0,35.0,35.0,35.0,35.0,35.0,22024,1628370,22400626,"JAN 23, 2025",SAC @ DEN,L,31,5,13,0.385,0,4,0.0,5,7,0.714,0,2,2,7,1,0,2,5,15,-2,1,SAC,1610612758,DEN,1610612743,0,G,1,0,0,1,0,0,26.0,75,200,23,20,116.8,4,1,123.4,27,16,115.4,4,1,123.2,1.4,3.4571428571428573,21.8,17.7,25.0,8.0,6.314285714285714,9.0,16.5,14.285714285714286,19.0,0.485,0.442,0.474,2.0,2.4,4.0,6.5,7.0285714285714285,10.0,0.308,0.341,0.4,3.75,2.657142857142857,3.0,4.0,2.9714285714285715,3.0,0.938,0.894,1.0,0.75,0.3714285714285714,0.0,1.75,1.03,1.0,35.65416666666667,31.56047618333333,34.13333333333333,0
36,36.0,36.0,36.0,36.0,36.0,36.0,36.0,36.0,36.0,22024,1628370,22400641,"JAN 25, 2025",SAC @ NYK,L,34,12,21,0.571,4,8,0.5,3,4,0.75,0,3,3,9,1,0,2,2,31,-10,1,SAC,1610612758,NYK,1610612752,0,G,1,0,0,1,0,0,26.0,75,200,23,21,117.0,3,2,123.2,29,16,110.7,3,2,112.2,0.2,3.305555555555556,21.0,17.6,17.6,7.5,6.277777777777778,6.277777777777778,15.5,14.25,14.25,0.484,0.441,0.441,1.75,2.333333333333333,2.333333333333333,5.75,6.944444444444445,6.944444444444445,0.304,0.336,0.336,4.25,2.7222222222222223,2.7222222222222223,5.0,3.083333333333333,3.083333333333333,0.85,0.883,0.883,0.5,0.3611111111111111,0.3611111111111111,1.5,1.03,1.03,34.12083333333333,31.54444443333333,31.54444443333333,1
37,37.0,37.0,37.0,37.0,37.0,37.0,37.0,37.0,37.0,22024,1628370,22400651,"JAN 27, 2025",SAC @ BKN,W,34,8,15,0.533,0,6,0.0,0,0,0.0,0,6,6,9,1,1,4,5,16,30,1,SAC,1610612758,BKN,1610612751,0,G,1,0,0,1,0,0,26.0,75,200,23,22,117.0,3,2,124.2,14,32,113.4,0,5,95.6,4.6,2.945945945945946,23.0,18.0,18.0,8.4,6.4324324324324325,6.4324324324324325,16.6,14.432432432432432,14.432432432432432,0.506,0.446,0.446,2.2,2.3783783783783785,2.3783783783783785,6.2,6.972972972972973,6.972972972972973,0.355,0.341,0.341,4.0,2.72972972972973,2.72972972972973,4.8,3.108108108108108,3.108108108108108,0.833,0.878,0.878,0.4,0.3513513513513513,0.3513513513513513,1.4,1.03,1.03,34.09,31.6099099,31.6099099,0
38,38.0,38.0,38.0,38.0,38.0,38.0,38.0,38.0,,22024,1628370,22400669,"JAN 29, 2025",SAC @ PHI,L,40,8,18,0.444,3,9,0.333,2,3,0.667,0,5,5,8,1,0,3,4,21,2,1,SAC,1610612758,PHI,1610612755,0,G,1,0,0,1,0,0,26.0,75,200,24,22,116.9,3,2,119.8,18,27,112.2,3,2,115.4,2.4,3.657894736842105,21.0,17.9,20.0,8.0,6.473684210526316,5.0,15.8,14.447368421052632,12.0,0.506,0.448,0.417,1.8,2.3157894736842106,0.0,6.2,6.947368421052632,5.0,0.29,0.333,0.0,3.2,2.6578947368421053,10.0,3.8,3.026315789473684,10.0,0.842,0.878,1.0,0.2,0.3421052631578947,0.0,1.4,1.03,1.0,33.46666666666667,31.678947366666662,32.21666666666667,1
39,39.0,39.0,39.0,39.0,39.0,39.0,39.0,,,22024,1628370,22400691,"FEB 01, 2025",SAC @ OKC,L,29,9,18,0.5,1,5,0.2,0,0,0.0,1,3,4,7,0,3,3,2,19,-30,1,SAC,1610612758,OKC,1610612760,0,G,1,0,0,1,0,0,26.0,75,200,24,23,116.6,2,3,116.0,37,9,104.6,3,2,118.4,-2.0,3.615384615384616,20.6,18.0,14.0,8.0,6.512820512820513,4.0,16.4,14.538461538461538,12.0,0.488,0.448,0.333,1.8,2.333333333333333,2.0,6.8,7.0,7.0,0.265,0.333,0.286,2.8,2.641025641025641,4.0,3.6,3.025641025641025,6.0,0.778,0.873,0.667,0.2,0.3333333333333333,0.0,1.4,1.03,1.0,35.473333333333336,31.90384615,26.0,1
40,40.0,40.0,40.0,40.0,40.0,40.0,,,,22024,1628370,22400704,"FEB 03, 2025",SAC @ MIN,W,42,10,23,0.435,2,6,0.333,4,4,1.0,1,7,8,5,1,1,4,3,26,3,1,SAC,1610612758,MIN,1610612750,0,G,1,0,0,1,0,0,26.0,75,200,24,24,116.5,1,4,113.4,27,22,107.9,4,1,119.0,-1.0,2.775,20.4,18.0,22.0,8.4,6.575,8.5,17.0,14.625,12.5,0.494,0.45,0.68,1.6,2.3,2.0,6.4,6.95,3.5,0.25,0.331,0.571,2.0,2.575,3.0,2.8,2.95,4.0,0.714,0.873,0.75,0.2,0.35,0.5,0.8,1.0,0.5,33.806666666666665,31.84125,30.53333333333333,1
41,41.0,41.0,41.0,41.0,41.0,,,,,22024,1628370,22400727,"FEB 05, 2025",SAC vs. ORL,L,25,4,11,0.364,1,4,0.25,1,1,1.0,0,0,0,3,1,1,3,5,10,-21,1,SAC,1610612758,ORL,1610612753,1,G,1,0,0,1,0,0,26.0,75,200,25,24,116.4,2,3,112.0,24,27,105.4,1,4,105.6,-3.2,2.7804878048780486,22.6,18.2,18.2,9.4,6.658536585365853,6.658536585365853,19.0,14.829268292682928,14.829268292682928,0.495,0.449,0.449,2.0,2.292682926829268,2.292682926829268,6.8,6.926829268292683,6.926829268292683,0.294,0.331,0.331,1.8,2.609756097560976,2.609756097560976,2.2,2.975609756097561,2.975609756097561,0.818,0.877,0.877,0.4,0.3658536585365853,0.3658536585365853,0.8,1.0,1.0,35.916666666666664,32.077642266666665,32.077642266666665,0
42,42.0,42.0,42.0,42.0,,,,,,22024,1628370,22400732,"FEB 06, 2025",SAC @ POR,L,39,8,20,0.4,2,6,0.333,3,4,0.75,2,5,7,4,2,1,3,2,21,1,1,SAC,1610612758,POR,1610612757,0,G,1,0,0,1,0,0,26.0,75,200,25,25,116.3,2,3,110.2,22,29,114.1,5,0,120.8,-9.0,2.2142857142857144,18.4,18.0,20.5,7.8,6.595238095238095,6.5,17.0,14.738095238095235,13.5,0.459,0.447,0.481,1.4,2.261904761904762,5.5,6.0,6.857142857142857,10.0,0.233,0.33,0.55,1.4,2.571428571428572,2.0,1.6,2.9285714285714284,2.0,0.875,0.878,1.0,0.4,0.3571428571428571,0.0,0.8,1.0,0.5,34.10333333333333,31.906746016666663,27.316666666666663,1
43,43.0,43.0,43.0,,,,,,,22024,1628370,22400750,"FEB 08, 2025",SAC vs. NOP,W,32,5,14,0.357,2,8,0.25,1,1,1.0,0,4,4,7,3,0,5,3,13,0,1,SAC,1610612758,NOP,1610612740,1,G,1,0,0,1,0,0,26.0,75,200,25,26,116.1,1,4,108.6,12,39,118.8,0,5,117.6,-9.4,2.186046511627907,19.4,18.1,5.0,7.8,6.627906976744186,2.0,18.0,14.86046511627907,11.0,0.433,0.446,0.182,1.8,2.255813953488372,1.0,6.0,6.837209302325581,5.0,0.3,0.33,0.2,2.0,2.581395348837209,0.0,2.4,2.953488372093023,0.0,0.833,0.874,0.0,0.8,0.3953488372093023,0.0,1.0,1.02,1.0,34.97,32.0616279,34.28333333333333,0
44,44.0,44.0,,,,,,,,22024,1628370,22400762,"FEB 10, 2025",SAC @ DAL,W,43,7,17,0.412,0,4,0.0,3,4,0.75,2,1,3,8,0,1,4,3,17,8,1,SAC,1610612758,DAL,1610612742,0,G,1,0,0,1,0,0,26.0,75,200,26,26,116.2,2,3,112.4,28,25,113.3,2,3,112.4,-1.8,2.136363636363636,17.8,18.0,14.0,7.2,6.590909090909091,4.0,17.2,14.840909090909092,14.0,0.419,0.444,0.286,1.6,2.25,1.0,5.8,6.863636363636363,6.0,0.276,0.328,0.167,1.8,2.5454545454545454,5.0,2.0,2.909090909090909,6.0,0.9,0.875,0.833,0.8,0.3863636363636363,2.0,1.4,1.07,1.0,33.33,32.06590908333333,35.61666666666667,0
45,45.0,,,,,,,,,22024,1628370,22400777,"FEB 12, 2025",SAC @ NOP,W,37,6,14,0.429,3,8,0.375,2,2,1.0,0,4,4,4,0,2,2,3,17,-12,1,SAC,1610612758,NOP,1610612740,0,G,1,0,0,1,0,0,26.0,75,200,27,26,116.4,3,2,116.2,12,41,119.2,0,5,113.4,-4.8,2.2666666666666666,17.4,18.0,9.0,6.8,6.6,3.5,17.0,14.88888888888889,12.5,0.4,0.443,0.28,1.4,2.2,1.5,5.6,6.8,6.5,0.25,0.324,0.231,2.4,2.555555555555556,0.5,2.8,2.933333333333333,0.5,0.857,0.871,1.0,1.0,0.4222222222222222,0.0,1.4,1.04,2.0,36.016666666666666,32.305185183333336,33.266666666666666,0
46,,,,,,,,,,22024,1628370,0022400785,"FEB 13, 2025",SAC @ NOP,L,43,8,24,0.333,4,12,0.333,4,4,1.0,1,5,6,9,1,1,4,4,24,-4,1,SAC,1610612758,NOP,1610612740,0,G,1,0,0,1,0,0,26.0,75,200,28,26,116.5,3,2,116.8,12,42,119.2,0,5,112.4,-1.4,1.9565217391304348,15.6,17.9,11.7,6.0,6.586956521739131,4.333333333333333,15.2,14.869565217391305,13.0,0.395,0.443,0.333,1.6,2.217391304347826,2.0,6.0,6.826086956521739,7.0,0.267,0.325,0.286,2.0,2.5434782608695654,1.0,2.4,2.9130434782608696,1.0,0.833,0.873,1.0,0.8,0.41304347826086957,0.0,1.2,1.02,1.33,35.17333333333333,32.414130433333334,34.61666666666667,1
